dci / gtie 1 an voire 2 ans p&m,2013,14697,15200,Professionnel,Massy,48.740744,2.3041439, 01.69.93.67.10,Inferieur_a_Argus
dci / gtie 1 an voire 2 ans p&m,2013,13799,14500,Professionnel,Massy,48.740744,2.3041439, 01.69.93.67.10,Inferieur_a_Argus
na,2013,16000,11990,Professionnel,Athis-Mons,48.726725,2.4158051, 01734908010652835009,Inferieur_a_Argus
dci 90 energy business s&s eco²,2014,18021,14800,Professionnel,Roissy-en-France,49.028719,2.5534721, 0825809109,Inferieur_a_Argus
dci 90 energy business s&s eco²,2014,21754,14500,Professionnel,Paris,48.9021449,2.4699208, 0825809109,Inferieur_a_Argus
dci 90 energy business s&s eco²,2014,15269,14800,Professionnel,Paris,48.9021449,2.4699208, 0825809109,Inferieur_a_Argus
dci 90 energy business s&s eco²,2014,14697,14800,Professionnel,Orly,48.752885,2.436694, 06525137850825809109,Inferieur_a_Argus
dci 90 energy business s&s eco²,2014,28670,14200,Professionnel,Paris,48.9021449,2.4699208, 0825809109,Inferieur_a_Argus
dci 90 energy business s&s eco²,2014,17370,14800,Professionnel,Chessy,48.889259,2.791753, 0825809109,Inferieur_a_Argus
dci 90 energy business s&s eco²,2014,20026,14500,Professionnel,Malakoff,48.8251341,2.3141281, 07816795690825809109,Inferieur_a_Argus
dci 90 energy business s&s eco²,2013,26412,13600,Professionnel,Nanterre,48.920609,2.23429, 0825809109,Inferieur_a_Argus
dci 90 energy business s&s eco²,2014,15069,14800,Professionnel,Montigny-le-Bretonneux,48.7990871,2.0559629, 0825809109,Inferieur_a_Argus
dci 90 energy business s&s eco²,2014,19247,14800,Professionnel,Roissy-en-France,49.028719,2.5534721, 0825809109,Inferieur_a_Argus
dci 90 energy business s&s eco²,2014,11688,14700,Professionnel,Orly,48.752885,2.436694, 06525137850825809109,Inferieur_a_Argus
dci 90 energy business s&s eco²,2014,20800,14500,Professionnel,Pontoise,49.073296,2.126987, 0825809109,Inferieur_a_Argus
dci 90 energy business s&s eco²,2014,28282,14200,Professionnel,Roissy-en-France,49.028719,2.5534721, 0825809109,Inferieur_a_Argus
dci 90 energy business s&s eco²,2013,12561,14000,Professionnel,Montigny-le-Bretonneux,48.7990871,2.0559629, 06266719970825809109,Inferieur_a_Argus
dci 90 energy business s&s eco²,2014,19211,14800,Professionnel,Le Blanc-Mesnil,48.955795,2.484215, 0825809109,Inferieur_a_Argus
dci 90 energy business s&s eco²,2014,29060,14400,Professionnel,Le Blanc-Mesnil,48.955795,2.484215, 01558110210825809109,Inferieur_a_Argus
dci 90 energy business s&s eco²,2014,15892,14800,Professionnel,Pontoise,49.073296,2.126987, 0825809109,Inferieur_a_Argus
dci 90 energy business s&s eco²,2013,23398,13900,Professionnel,Orly,48.752885,2.436694, 0825809109,Inferieur_a_Argus
dci 90 energy business s&s eco²,2014,14571,14800,Professionnel,Paris,48.9021449,2.4699208, 0825809109,Inferieur_a_Argus
dci 90 energy business s&s eco²,2014,15607,14800,Professionnel,Montigny-le-Bretonneux,48.7990871,2.0559629, 0825809109,Inferieur_a_Argus
dci 90 energy business s&s eco²,2014,19172,14800,Professionnel,Orly,48.752885,2.436694, 06525137850825809109,Inferieur_a_Argus
dci 90 energy business s&s eco²,2014,16521,14800,Professionnel,Roissy-en-France,49.028719,2.5534721, 0825809109,Inferieur_a_Argus
dci 90 energy business s&s eco²,2014,24018,14500,Professionnel,Clichy,48.914041,2.320847, 0825809109,Inferieur_a_Argus
dci 90 energy business s&s eco²,2013,23289,13900,Professionnel,Colombes,48.9375451,2.2732909, 0825809109,Inferieur_a_Argus
dci 90 energy business s&s eco²,2014,14000,14800,Professionnel,Paris,48.9021449,2.4699208, 0825809109,Inferieur_a_Argus
dci 90 energy business s&s eco²,2014,29246,14200,Professionnel,Montigny-le-Bretonneux,48.7990871,2.0559629, 0825809109,Inferieur_a_Argus
dci 90 energy business s&s eco²,2014,20966,14500,Professionnel,Clichy,48.914041,2.320847, 0825809109,Inferieur_a_Argus
dci 90 energy business s&s eco²,2014,16351,14800,Professionnel,Orly,48.752885,2.436694, 06525137850825809109,Inferieur_a_Argus
dci 90 energy business s&s eco²,2014,13461,14800,Professionnel,Orly,48.752885,2.436694, 06525137850825809109,Inferieur_a_Argus
dci 90 energy business s&s eco²,2014,18108,14800,Professionnel,Montigny-le-Bretonneux,48.7990871,2.0559629, 0825809109,Inferieur_a_Argus
dci 90 energy business s&s eco²,2014,16596,15000,Professionnel,Le Blanc-Mesnil,48.955795,2.484215, 01558110210825809109,Inferieur_a_Argus
dci 90 energy business s&s eco²,2013,29000,13600,Professionnel,Bobigny,48.9194379,2.4761899, 0825809109,Inferieur_a_Argus
dci 90 energy business s&s eco²,2014,12409,14800,Professionnel,Pontoise,49.073296,2.126987, 0825809109,Inferieur_a_Argus
dci 90 energy business s&s eco²,2014,19707,14800,Professionnel,Ivry-sur-Seine,48.82569,2.410251, 0825809109,Inferieur_a_Argus
dci 90 energy business s&s eco²,2014,12870,14800,Professionnel,Orly,48.752885,2.436694, 06525137850825809109,Inferieur_a_Argus
intens dci 90 edc,2014,10,20220,Professionnel,Thiais,48.774788,2.4060011, 0175834788,Superieur_a_Argus
helly hansen dci 90,2014,10,19500,Professionnel,Thiais,48.774788,2.4060011, 0175834788,Superieur_a_Argus
intens energy dci 90 s&s camera,2014,8900,17990,Particulier,Saint-Rémy-lès-Chevreuse,48.722625,2.110323, ,Superieur_a_Argus
dci 90 energy intens s&s,2014,10,18990,Professionnel,Valenton,48.771838,2.484612, 09.74.91.50.000176471772,Superieur_a_Argus
dci90 ener. s/s sl h.h 0km,0,1,19990,Professionnel,Paris,48.9021449,2.4699208, 0476523234,Superieur_a_Argus
intens tce 90,2014,10,17160,Professionnel,Thiais,48.774788,2.4060011, 0175834788,Superieur_a_Argus
na,2013,16500,14000,Particulier,Levallois-Perret,48.9035979,2.3037559, ,Inferieur_a_Argus
tce 120 intens edc,2013,20992,16590,Professionnel,Vitry-sur-Seine,48.8085169,2.422809, 0811708090,Inferieur_a_Argus
1.5 dci,2014,5000,18900,Particulier,Mantes-la-Jolie,49.0100959,1.7261641, ,Superieur_a_Argus
intens edc 120 + caméra de recul,2014,10,20500,Professionnel,Dourdan,48.562917,2.0504019, 01.64.59.71.8606.81.25.95.2001.64.59.71.8601.64.59.71.86,Superieur_a_Argus
intens dci 90 avec caméra de recul,2014,4058,18990,Professionnel,Dourdan,48.562917,2.0504019, 01.64.59.71.8606.81.25.95.2001.64.59.71.8601.64.59.71.8606.30.52.28.79,Superieur_a_Argus
intens dci 90 cv orange/ivoire 2014,2014,1800,20300,Particulier,Guyancourt,48.794392,2.1057001, ,Superieur_a_Argus
dci 90 intens camera stock,2014,10,18490,Professionnel,Maurepas,48.785659,1.9552201, 0130516539,Superieur_a_Argus
tce 90 intens garantie 4 ans stock,2014,10,17490,Professionnel,Maurepas,48.785659,1.9552201, 0130516539,Superieur_a_Argus
dci 90 energy intens s&s eco²,2013,7933,18490,Professionnel,Vitry-sur-Seine,48.8085169,2.422809, 0811708090,Superieur_a_Argus
na,2014,5950,17900,Particulier,Saclay,48.758927,2.2037149, ,Superieur_a_Argus
tce 90 intens,2014,21883,15900,Professionnel,Joinville-le-Pont,48.830867,2.4825311, 0142836847,Superieur_a_Argus
1.2 tce 120ch intens edc/6,2014,10,19640,Professionnel,Isles-lès-Villenoy,48.9337111,2.8513721, 0184141900,Superieur_a_Argus
1.2 tce 120ch intens edc/6,2014,10,19640,Professionnel,Isles-lès-Villenoy,48.9337111,2.8513721, 0184141900,Superieur_a_Argus
1.2 tce 120ch intens edc/6,2014,10,19210,Professionnel,Isles-lès-Villenoy,48.9337111,2.8513721, 0184141900,Superieur_a_Argus
1.2 tce 120ch intens edc/6,2014,4000,18870,Professionnel,Isles-lès-Villenoy,48.9337111,2.8513721, 0184141900,Superieur_a_Argus
1.2 tce 120ch intens edc/6,2014,10,19640,Professionnel,Isles-lès-Villenoy,48.9337111,2.8513721, 0184141900,Superieur_a_Argus
1.2 tce 120ch intens edc/6,2014,10,19640,Professionnel,Isles-lès-Villenoy,48.9337111,2.8513721, 0184141900,Superieur_a_Argus
dci 90 intens edc,2014,15000,20300,Professionnel,Chelles,48.9077119,2.631499, 0677372750,Superieur_a_Argus
grand scenic dci 130/initiale/2012/5 pl,2012,42900,16490,Professionnel,Paris,48.9021449,2.4699208, ,Inferieur_a_Argus
dci 90 energy intens s&s eco2,2014,9900,19600,Professionnel,Chelles,48.9077119,2.631499, 0677372750,Superieur_a_Argus
dci 90 energy zen s&s eco2,2014,15000,17800,Professionnel,Chelles,48.9077119,2.631499, 0677372750,Superieur_a_Argus
1.2 tce 120ch intens edc/6,2014,10,19640,Professionnel,Isles-lès-Villenoy,48.9337111,2.8513721, 0184141900,Superieur_a_Argus
1.2 tce 120ch intens edc/6,2014,10,19640,Professionnel,Isles-lès-Villenoy,48.9337111,2.8513721, 0184141900,Superieur_a_Argus
1.2 tce 120ch intens edc/6,2014,10,19440,Professionnel,Isles-lès-Villenoy,48.9337111,2.8513721, 0184141900,Superieur_a_Argus
1.2 tce 120 intens edc r,2013,7400,17400,Professionnel,Gentilly,48.8184889,2.356331, ,Inferieur_a_Argus
tce 120 intens edc,2014,7742,18900,Professionnel,Chelles,48.9077119,2.631499, 0677372750,Superieur_a_Argus
dci 90 energy s&s eco2 intens,2014,6999,18900,Professionnel,Chelles,48.9077119,2.631499, 0677372750,Superieur_a_Argus
dci 90 neuf,2014,100,16390,Professionnel,Saint-Jean-les-Deux-Jumeaux,48.963672,3.0612161, 01643590010687213885,Inferieur_a_Argus
business dci 90,2013,24200,16980,Professionnel,Saint-Jean-les-Deux-Jumeaux,48.963672,3.0612161, 01643590010687213885,Inferieur_a_Argus
dci 90 cv intens eco2 noir gps,2013,14900,15900,Professionnel,Corbeil-Essonnes,48.6255189,2.49221, ,Inferieur_a_Argus
1.5 dci fap energy 90ch intens m/5,2014,10,19840,Professionnel,Isles-lès-Villenoy,48.9337111,2.8513721, 0184141900,Superieur_a_Argus
intense dci 90cv,2013,9000,16990,Professionnel,Etampes,48.463185,2.2334899, ,Inferieur_a_Argus
tce 90 energy s&s eco2 zen,2014,10,17300,Professionnel,Chatou,48.9120951,2.174362, 0130157765,Superieur_a_Argus
1.5 dci 90 zen eco2,2013,20500,16300,Particulier,Brétigny-sur-Orge,48.626266,2.329838, ,Superieur_a_Argus
dci 90 energy zen s&s eco2,2014,3098,17700,Professionnel,Samoreau,48.429797,2.8042131, 0164239675,Superieur_a_Argus
1.5 dci 90 business edc,2014,18932,17880,Professionnel,Montrouge,48.822288,2.332443, 0142531111,Superieur_a_Argus
dci 90 energy business s&s eco²,2014,17670,15990,Professionnel,Paris,48.9021449,2.4699208, 0144740871,Inferieur_a_Argus
dci 90 energy business,2014,22880,16790,Professionnel,Boulogne-Billancourt,48.853513,2.262718, 0174037256,Superieur_a_Argus
tce 120 intens edc,2014,10,19372,Professionnel,Thiais,48.774788,2.4060011, 0141734040,Superieur_a_Argus
tce 90 energy life s&s eco²,2014,10,14800,Professionnel,Paris,48.9021449,2.4699208, 0140709104,Superieur_a_Argus
intens tce 120 eds,2013,24500,16300,Particulier,Coulommiers,48.8328149,3.114216, ,Inferieur_a_Argus
1.5 dci 90 intens edc neuve,2014,11,20500,Professionnel,Levallois-Perret,48.9035979,2.3037559, ,Superieur_a_Argus
tce 90 energy intens s&s eco²,2014,5576,16500,Professionnel,Paris,48.9021449,2.4699208, 0144740871,Superieur_a_Argus
1.5 dci 90 energy s&s intens eco2,2013,12150,15999,Professionnel,Bois-Colombes,48.9268491,2.280631, 06.46.06.10.08,Inferieur_a_Argus
zen ivoire toit noir tce 90 eco2,2014,6700,15790,Particulier,Bois-d'Arcy,48.815261,2.051628, ,Superieur_a_Argus
scenic initiale dci 130 energy eco² - 2014,2014,13700,23500,Particulier,Villennes-sur-Seine,48.954212,2.0170569, ,Superieur_a_Argus
na,2014,7600,18400,Particulier,Conflans-Sainte-Honorine,49.018355,2.127008, ,Superieur_a_Argus
zen 90 tce,2014,3000,15300,Particulier,Limay,49.0150389,1.765162, ,Superieur_a_Argus
dci 90 energy s&s eco2 intens,2014,21780,17480,Professionnel,Orgeval,48.945551,2.0089569, 0139754280,Inferieur_a_Argus
dci / gtie 1 an voire 2 ans p&m,2013,14697,15200,Professionnel,Massy,48.740744,2.3041439, 01.69.93.67.10,Inferieur_a_Argus
dci / gtie 1 an voire 2 ans p&m,2013,13799,14500,Professionnel,Massy,48.740744,2.3041439, 01.69.93.67.10,Inferieur_a_Argus
na,2013,16000,11990,Professionnel,Athis-Mons,48.726725,2.4158051, 01734908010652835009,Inferieur_a_Argus
dci 90 energy business s&s eco²,2014,18021,14800,Professionnel,Roissy-en-France,49.028719,2.5534721, 0825809109,Inferieur_a_Argus
dci 90 energy business s&s eco²,2014,21754,14500,Professionnel,Paris,48.9021449,2.4699208, 0825809109,Inferieur_a_Argus
dci 90 energy business s&s eco²,2014,15269,14800,Professionnel,Paris,48.9021449,2.4699208, 0825809109,Inferieur_a_Argus
dci 90 energy business s&s eco²,2014,14697,14800,Professionnel,Orly,48.752885,2.436694, 06525137850825809109,Inferieur_a_Argus
dci 90 energy business s&s eco²,2014,28670,14200,Professionnel,Paris,48.9021449,2.4699208, 0825809109,Inferieur_a_Argus
dci 90 energy business s&s eco²,2014,17370,14800,Professionnel,Chessy,48.889259,2.791753, 0825809109,Inferieur_a_Argus
dci 90 energy business s&s eco²,2014,20026,14500,Professionnel,Malakoff,48.8251341,2.3141281, 07816795690825809109,Inferieur_a_Argus
dci 90 energy business s&s eco²,2013,26412,13600,Professionnel,Nanterre,48.920609,2.23429, 0825809109,Inferieur_a_Argus
dci 90 energy business s&s eco²,2014,15069,14800,Professionnel,Montigny-le-Bretonneux,48.7990871,2.0559629, 0825809109,Inferieur_a_Argus
dci 90 energy business s&s eco²,2014,19247,14800,Professionnel,Roissy-en-France,49.028719,2.5534721, 0825809109,Inferieur_a_Argus
dci 90 energy business s&s eco²,2014,11688,14700,Professionnel,Orly,48.752885,2.436694, 06525137850825809109,Inferieur_a_Argus
dci 90 energy business s&s eco²,2014,20800,14500,Professionnel,Pontoise,49.073296,2.126987, 0825809109,Inferieur_a_Argus
dci 90 energy business s&s eco²,2014,28282,14200,Professionnel,Roissy-en-France,49.028719,2.5534721, 0825809109,Inferieur_a_Argus
dci 90 energy business s&s eco²,2013,12561,14000,Professionnel,Montigny-le-Bretonneux,48.7990871,2.0559629, 06266719970825809109,Inferieur_a_Argus
dci 90 energy business s&s eco²,2014,19211,14800,Professionnel,Le Blanc-Mesnil,48.955795,2.484215, 0825809109,Inferieur_a_Argus
dci 90 energy business s&s eco²,2014,29060,14400,Professionnel,Le Blanc-Mesnil,48.955795,2.484215, 01558110210825809109,Inferieur_a_Argus
dci 90 energy business s&s eco²,2014,15892,14800,Professionnel,Pontoise,49.073296,2.126987, 0825809109,Inferieur_a_Argus
dci 90 energy business s&s eco²,2013,23398,13900,Professionnel,Orly,48.752885,2.436694, 0825809109,Inferieur_a_Argus
dci 90 energy business s&s eco²,2014,14571,14800,Professionnel,Paris,48.9021449,2.4699208, 0825809109,Inferieur_a_Argus
dci 90 energy business s&s eco²,2014,15607,14800,Professionnel,Montigny-le-Bretonneux,48.7990871,2.0559629, 0825809109,Inferieur_a_Argus
dci 90 energy business s&s eco²,2014,19172,14800,Professionnel,Orly,48.752885,2.436694, 06525137850825809109,Inferieur_a_Argus
dci 90 energy business s&s eco²,2014,16521,14800,Professionnel,Roissy-en-France,49.028719,2.5534721, 0825809109,Inferieur_a_Argus
dci 90 energy business s&s eco²,2014,24018,14500,Professionnel,Clichy,48.914041,2.320847, 0825809109,Inferieur_a_Argus
dci 90 energy business s&s eco²,2013,23289,13900,Professionnel,Colombes,48.9375451,2.2732909, 0825809109,Inferieur_a_Argus
dci 90 energy business s&s eco²,2014,14000,14800,Professionnel,Paris,48.9021449,2.4699208, 0825809109,Inferieur_a_Argus
dci 90 energy business s&s eco²,2014,29246,14200,Professionnel,Montigny-le-Bretonneux,48.7990871,2.0559629, 0825809109,Inferieur_a_Argus
dci 90 energy business s&s eco²,2014,20966,14500,Professionnel,Clichy,48.914041,2.320847, 0825809109,Inferieur_a_Argus
dci 90 energy business s&s eco²,2014,16351,14800,Professionnel,Orly,48.752885,2.436694, 06525137850825809109,Inferieur_a_Argus
dci 90 energy business s&s eco²,2014,13461,14800,Professionnel,Orly,48.752885,2.436694, 06525137850825809109,Inferieur_a_Argus
dci 90 energy business s&s eco²,2014,18108,14800,Professionnel,Montigny-le-Bretonneux,48.7990871,2.0559629, 0825809109,Inferieur_a_Argus
dci 90 energy business s&s eco²,2014,16596,15000,Professionnel,Le Blanc-Mesnil,48.955795,2.484215, 01558110210825809109,Inferieur_a_Argus
dci 90 energy business s&s eco²,2013,29000,13600,Professionnel,Bobigny,48.9194379,2.4761899, 0825809109,Inferieur_a_Argus
dci 90 energy business s&s eco²,2014,12409,14800,Professionnel,Pontoise,49.073296,2.126987, 0825809109,Inferieur_a_Argus
dci 90 energy business s&s eco²,2014,19707,14800,Professionnel,Ivry-sur-Seine,48.82569,2.410251, 0825809109,Inferieur_a_Argus
dci 90 energy business s&s eco²,2014,12870,14800,Professionnel,Orly,48.752885,2.436694, 06525137850825809109,Inferieur_a_Argus
intens dci 90 edc,2014,10,20220,Professionnel,Thiais,48.774788,2.4060011, 0175834788,Superieur_a_Argus
helly hansen dci 90,2014,10,19500,Professionnel,Thiais,48.774788,2.4060011, 0175834788,Superieur_a_Argus
intens energy dci 90 s&s camera,2014,8900,17990,Particulier,Saint-Rémy-lès-Chevreuse,48.722625,2.110323, ,Superieur_a_Argus
dci 90 energy intens s&s,2014,10,18990,Professionnel,Valenton,48.771838,2.484612, 09.74.91.50.000176471772,Superieur_a_Argus
dci90 ener. s/s sl h.h 0km,0,1,19990,Professionnel,Paris,48.9021449,2.4699208, 0476523234,Superieur_a_Argus
intens tce 90,2014,10,17160,Professionnel,Thiais,48.774788,2.4060011, 0175834788,Superieur_a_Argus
na,2013,16500,14000,Particulier,Levallois-Perret,48.9035979,2.3037559, ,Inferieur_a_Argus
tce 120 intens edc,2013,20992,16590,Professionnel,Vitry-sur-Seine,48.8085169,2.422809, 0811708090,Inferieur_a_Argus
1.5 dci,2014,5000,18900,Particulier,Mantes-la-Jolie,49.0100959,1.7261641, ,Superieur_a_Argus
intens edc 120 + caméra de recul,2014,10,20500,Professionnel,Dourdan,48.562917,2.0504019, 01.64.59.71.8606.81.25.95.2001.64.59.71.8601.64.59.71.86,Superieur_a_Argus
intens dci 90 avec caméra de recul,2014,4058,18990,Professionnel,Dourdan,48.562917,2.0504019, 01.64.59.71.8606.81.25.95.2001.64.59.71.8601.64.59.71.8606.30.52.28.79,Superieur_a_Argus
intens dci 90 cv orange/ivoire 2014,2014,1800,20300,Particulier,Guyancourt,48.794392,2.1057001, ,Superieur_a_Argus
dci 90 intens camera stock,2014,10,18490,Professionnel,Maurepas,48.785659,1.9552201, 0130516539,Superieur_a_Argus
tce 90 intens garantie 4 ans stock,2014,10,17490,Professionnel,Maurepas,48.785659,1.9552201, 0130516539,Superieur_a_Argus
dci 90 energy intens s&s eco²,2013,7933,18490,Professionnel,Vitry-sur-Seine,48.8085169,2.422809, 0811708090,Superieur_a_Argus
na,2014,5950,17900,Particulier,Saclay,48.758927,2.2037149, ,Superieur_a_Argus
tce 90 intens,2014,21883,15900,Professionnel,Joinville-le-Pont,48.830867,2.4825311, 0142836847,Superieur_a_Argus
1.2 tce 120ch intens edc/6,2014,10,19640,Professionnel,Isles-lès-Villenoy,48.9337111,2.8513721, 0184141900,Superieur_a_Argus
1.2 tce 120ch intens edc/6,2014,10,19640,Professionnel,Isles-lès-Villenoy,48.9337111,2.8513721, 0184141900,Superieur_a_Argus
1.2 tce 120ch intens edc/6,2014,10,19210,Professionnel,Isles-lès-Villenoy,48.9337111,2.8513721, 0184141900,Superieur_a_Argus
1.2 tce 120ch intens edc/6,2014,4000,18870,Professionnel,Isles-lès-Villenoy,48.9337111,2.8513721, 0184141900,Superieur_a_Argus
1.2 tce 120ch intens edc/6,2014,10,19640,Professionnel,Isles-lès-Villenoy,48.9337111,2.8513721, 0184141900,Superieur_a_Argus
1.2 tce 120ch intens edc/6,2014,10,19640,Professionnel,Isles-lès-Villenoy,48.9337111,2.8513721, 0184141900,Superieur_a_Argus
dci 90 intens edc,2014,15000,20300,Professionnel,Chelles,48.9077119,2.631499, 0677372750,Superieur_a_Argus
grand scenic dci 130/initiale/2012/5 pl,2012,42900,16490,Professionnel,Paris,48.9021449,2.4699208, ,Inferieur_a_Argus
dci 90 energy intens s&s eco2,2014,9900,19600,Professionnel,Chelles,48.9077119,2.631499, 0677372750,Superieur_a_Argus
dci 90 energy zen s&s eco2,2014,15000,17800,Professionnel,Chelles,48.9077119,2.631499, 0677372750,Superieur_a_Argus
1.2 tce 120ch intens edc/6,2014,10,19640,Professionnel,Isles-lès-Villenoy,48.9337111,2.8513721, 0184141900,Superieur_a_Argus
1.2 tce 120ch intens edc/6,2014,10,19640,Professionnel,Isles-lès-Villenoy,48.9337111,2.8513721, 0184141900,Superieur_a_Argus
1.2 tce 120ch intens edc/6,2014,10,19440,Professionnel,Isles-lès-Villenoy,48.9337111,2.8513721, 0184141900,Superieur_a_Argus
1.2 tce 120 intens edc r,2013,7400,17400,Professionnel,Gentilly,48.8184889,2.356331, ,Inferieur_a_Argus
tce 120 intens edc,2014,7742,18900,Professionnel,Chelles,48.9077119,2.631499, 0677372750,Superieur_a_Argus
dci 90 energy s&s eco2 intens,2014,6999,18900,Professionnel,Chelles,48.9077119,2.631499, 0677372750,Superieur_a_Argus
dci 90 neuf,2014,100,16390,Professionnel,Saint-Jean-les-Deux-Jumeaux,48.963672,3.0612161, 01643590010687213885,Inferieur_a_Argus
business dci 90,2013,24200,16980,Professionnel,Saint-Jean-les-Deux-Jumeaux,48.963672,3.0612161, 01643590010687213885,Inferieur_a_Argus
dci 90 cv intens eco2 noir gps,2013,14900,15900,Professionnel,Corbeil-Essonnes,48.6255189,2.49221, ,Inferieur_a_Argus
1.5 dci fap energy 90ch intens m/5,2014,10,19840,Professionnel,Isles-lès-Villenoy,48.9337111,2.8513721, 0184141900,Superieur_a_Argus
intense dci 90cv,2013,9000,16990,Professionnel,Etampes,48.463185,2.2334899, ,Inferieur_a_Argus
tce 90 energy s&s eco2 zen,2014,10,17300,Professionnel,Chatou,48.9120951,2.174362, 0130157765,Superieur_a_Argus
1.5 dci 90 zen eco2,2013,20500,16300,Particulier,Brétigny-sur-Orge,48.626266,2.329838, ,Superieur_a_Argus
dci 90 energy zen s&s eco2,2014,3098,17700,Professionnel,Samoreau,48.429797,2.8042131, 0164239675,Superieur_a_Argus
1.5 dci 90 business edc,2014,18932,17880,Professionnel,Montrouge,48.822288,2.332443, 0142531111,Superieur_a_Argus
dci 90 energy business s&s eco²,2014,17670,15990,Professionnel,Paris,48.9021449,2.4699208, 0144740871,Inferieur_a_Argus
dci 90 energy business,2014,22880,16790,Professionnel,Boulogne-Billancourt,48.853513,2.262718, 0174037256,Superieur_a_Argus
tce 120 intens edc,2014,10,19372,Professionnel,Thiais,48.774788,2.4060011, 0141734040,Superieur_a_Argus
tce 90 energy life s&s eco²,2014,10,14800,Professionnel,Paris,48.9021449,2.4699208, 0140709104,Superieur_a_Argus
intens tce 120 eds,2013,24500,16300,Particulier,Coulommiers,48.8328149,3.114216, ,Inferieur_a_Argus
1.5 dci 90 intens edc neuve,2014,11,20500,Professionnel,Levallois-Perret,48.9035979,2.3037559, ,Superieur_a_Argus
tce 90 energy intens s&s eco²,2014,5576,16500,Professionnel,Paris,48.9021449,2.4699208, 0144740871,Superieur_a_Argus
1.5 dci 90 energy s&s intens eco2,2013,12150,15999,Professionnel,Bois-Colombes,48.9268491,2.280631, 06.46.06.10.08,Inferieur_a_Argus
zen ivoire toit noir tce 90 eco2,2014,6700,15790,Particulier,Bois-d'Arcy,48.815261,2.051628, ,Superieur_a_Argus
scenic initiale dci 130 energy eco² - 2014,2014,13700,23500,Particulier,Villennes-sur-Seine,48.954212,2.0170569, ,Superieur_a_Argus
na,2014,7600,18400,Particulier,Conflans-Sainte-Honorine,49.018355,2.127008, ,Superieur_a_Argus
zen 90 tce,2014,3000,15300,Particulier,Limay,49.0150389,1.765162, ,Superieur_a_Argus
dci 90 energy s&s eco2 intens,2014,21780,17480,Professionnel,Orgeval,48.945551,2.0089569, 0139754280,Inferieur_a_Argus
1.5 dci fap energy 90ch zen m/5,2014,7000,16970,Professionnel,Isles-lès-Villenoy,48.9337111,2.8513721, 0184141900,Superieur_a_Argus
0.9 tce energy 90ch intens m/5,2014,1000,17240,Professionnel,Isles-lès-Villenoy,48.9337111,2.8513721, 0184141900,Superieur_a_Argus
intens dci 90,2014,5000,18800,Particulier,Ballancourt-sur-Essonne,48.54592,2.4144701, ,Superieur_a_Argus
dci 90 energy s&s eco2 zen,2014,8949,17490,Professionnel,Boulogne-Billancourt,48.853513,2.262718, 0174037256,Superieur_a_Argus
dci 90 energy s&s eco2 zen,2014,3631,17990,Professionnel,Boulogne-Billancourt,48.853513,2.262718, 0174037256,Superieur_a_Argus
intens dci 90 edc,2014,10,20202,Professionnel,Thiais,48.774788,2.4060011, 0175834788,Superieur_a_Argus
intens energy dci 90 ivoire /noire,2014,9000,18500,Particulier,Pontoise,49.073296,2.126987, ,Superieur_a_Argus
intens energy dci90 gris & orange,2014,4500,17600,Particulier,Neauphle-le-Vieux,48.835303,1.8860841, ,Inferieur_a_Argus
dci 90 edc intens neuf,2014,5,19890,Professionnel,Maurepas,48.785659,1.9552201, 0130516539,Superieur_a_Argus
dci 90 energy zen s&s eco²,2014,9500,17880,Professionnel,Les Pavillons-sous-Bois,48.918751,2.521307, 0667277157,Superieur_a_Argus
na,2014,1519,17900,Professionnel,Noisiel,48.866409,2.637936, 0160059293,Superieur_a_Argus
dci 90 energy zen s&s eco²,2014,2874,18990,Professionnel,Argenteuil,48.972417,2.2922589, 0178769520,Superieur_a_Argus
dci 90 energy s&s eco2 zen 5p,2014,1,18900,Professionnel,Noisiel,48.866409,2.637936, 0160059293,Superieur_a_Argus
dci 90 energy business s&s eco²,2014,16728,15990,Professionnel,Paris,48.9021449,2.4699208, 0144740871,Inferieur_a_Argus
tce 90 energy s&s eco2 intens,2014,6234,15980,Professionnel,Melun,48.5607479,2.6819179, 0615872883,Superieur_a_Argus
dci 90 energy zen s&s eco²,2013,3365,17900,Professionnel,Paris,48.9021449,2.4699208, 0146348425,Superieur_a_Argus
dci 90 energy s&s eco2 zen,2014,11963,16900,Professionnel,Conflans-Sainte-Honorine,49.018355,2.127008, 0139192136,Superieur_a_Argus
dci 90 energy s&s eco2 intens,2014,5396,18390,Professionnel,Boulogne-Billancourt,48.853513,2.262718, 0174037256,Superieur_a_Argus
na,2014,2,19380,Professionnel,Sartrouville,48.95456,2.206251, 0139145454,Superieur_a_Argus
dci 90 energy business s&s eco²,2013,16436,16490,Professionnel,Paris,48.9021449,2.4699208, 0144740871,Superieur_a_Argus
dci 90 energy s&s eco2 intens,2014,624,18490,Professionnel,Brie-Comte-Robert,48.7166641,2.6554489, 0160625056,Superieur_a_Argus
dci 90 energy s&s eco2 zen,2014,7987,17990,Professionnel,Paris,48.9021449,2.4699208, 0178455073,Superieur_a_Argus
dci 90 energy intens s&s eco²,2014,60,19990,Professionnel,Coignières,48.7681149,1.9430101, 0130502424,Superieur_a_Argus
1.5 dci 90 ch intens bv auto edc,2014,10300,18990,Professionnel,Aulnay-sous-Bois,48.974582,2.524114, ,Superieur_a_Argus
serie limitée arizona juin 2014 dci,2014,3900,19290,Particulier,Paris,48.9021449,2.4699208, ,Superieur_a_Argus
tce 120 zen edc,2014,3690,18290,Professionnel,Montrouge,48.822288,2.332443, 0146128847,Superieur_a_Argus
tce 120 intens edc,2014,9500,19190,Professionnel,Limay,49.0150389,1.765162, ,Superieur_a_Argus
na,2013,17280,15880,Professionnel,Sartrouville,48.95456,2.206251, 0139145454,Inferieur_a_Argus
dci 90 intens edc 5p,2014,1,20900,Professionnel,Noisiel,48.866409,2.637936, 0160059293,Superieur_a_Argus
intens energy dci 90 options,2014,3500,18900,Particulier,Villeneuve-Saint-Georges,48.7633921,2.472806, 0143828979,Superieur_a_Argus
dci 90 energy business,2013,15898,16990,Professionnel,Pantin,48.918039,2.427711, 0174730257,Superieur_a_Argus
dci 90 energy zen s&s eco²,2014,19700,16990,Professionnel,Pontoise,49.073296,2.126987, 0624782138,Superieur_a_Argus
tce 90 energy s&s eco2 zen,2014,10,16890,Professionnel,Brie-Comte-Robert,48.7166641,2.6554489, 0160625056,Superieur_a_Argus
intens dci 90cv ivoire/noir,2014,1300,18400,Particulier,Breuillet,48.581093,2.199363, ,Superieur_a_Argus
dci 90 zen edc eco²,2014,7,18990,Professionnel,Thiais,48.774788,2.4060011, 0141734040,Superieur_a_Argus
1.5 dci fap energy 90ch intens m/5,2014,10,19640,Professionnel,Isles-lès-Villenoy,48.9337111,2.8513721, 0184141900,Superieur_a_Argus
1.5 dci fap energy 90ch intens m/5,2014,10,19640,Professionnel,Isles-lès-Villenoy,48.9337111,2.8513721, 0184141900,Superieur_a_Argus
dci 90 energy s&s eco2 intens,2014,9367,18290,Professionnel,Montrouge,48.822288,2.332443, 0146128847,Superieur_a_Argus
voiture suv   intens 120 edc,2014,3500,18500,Particulier,Thoiry,48.8861,1.8230711, ,Superieur_a_Argus
dci 90 energy zen s&s eco²,2013,25295,14980,Professionnel,Créteil,48.807349,2.4773489, 0811708090,Inferieur_a_Argus
1.5 dci 90 intens edc,2014,2,19870,Professionnel,Sartrouville,48.95456,2.206251, 0139145454,Superieur_a_Argus
tce 90 energy s&s eco2 life 5p,2013,14958,14900,Professionnel,Noisiel,48.866409,2.637936, 0160059293,Superieur_a_Argus
dci 90 intens edc,2014,50,20490,Professionnel,Paris,48.9021449,2.4699208, 0174076006,Superieur_a_Argus
1.5 dci fap energy 90ch intens m/5,2014,10,19770,Professionnel,Isles-lès-Villenoy,48.9337111,2.8513721, 0184141900,Superieur_a_Argus
dci 90 energy intens s&s eco2,2014,2410,19490,Professionnel,Les Ulis,48.6952541,2.212008, 0160926972,Superieur_a_Argus
tce 90 energy s&s eco2 intens,2014,7,17550,Professionnel,Fresnes,48.766786,2.3438071, 0175448164,Superieur_a_Argus
1.5 dci fap energy 90ch intens m/5,2014,10,19770,Professionnel,Isles-lès-Villenoy,48.9337111,2.8513721, 0184141900,Superieur_a_Argus
dci 90 energy intens s&s eco²,2014,10,19990,Professionnel,Mareil-Marly,48.8876841,2.0923001, 0628537072,Superieur_a_Argus
dci 90 energy intens s&s eco²,2014,10,19990,Professionnel,Mareil-Marly,48.8876841,2.0923001, 0628537072,Superieur_a_Argus
1.5 dci 90 business s&s eco²,2013,19420,15890,Professionnel,Montrouge,48.822288,2.332443, 0142531111,Inferieur_a_Argus
1.5 dci 90 business s&s eco²,2014,13396,16690,Professionnel,Montrouge,48.822288,2.332443, 0142531111,Inferieur_a_Argus
intens 1.5 dci,2013,6400,18000,Particulier,Aubergenville,48.98749,1.87072, 01309529090679486662,Superieur_a_Argus
dci 90 intens garantie 4 ans dispo,2014,10,18490,Professionnel,Maurepas,48.785659,1.9552201, 0130516539,Superieur_a_Argus
collaborateur,2013,8500,17500,Particulier,Mantes-la-Ville,48.989402,1.73451, ,Superieur_a_Argus
dci 90 energy s&s eco2 intens,2014,16349,18290,Professionnel,Les Ulis,48.6952541,2.212008, 0160926972,Superieur_a_Argus
na,2014,10,16990,Professionnel,Clamart,48.817028,2.2799781, 0983484648,Superieur_a_Argus
dci 90 energy business,2013,16289,16690,Professionnel,Pantin,48.918039,2.427711, 0174730257,Superieur_a_Argus
zen tce90 + options,2014,6000,15500,Particulier,Plaisir,48.8377481,1.986656, ,Superieur_a_Argus
dci 90 energy intens s&s eco²,2014,10,19990,Professionnel,Les Pavillons-sous-Bois,48.918751,2.521307, 0667277157,Superieur_a_Argus
dci 90 intens edc,2014,7350,19690,Professionnel,Paris,48.9021449,2.4699208, 0178455073,Superieur_a_Argus
tce 120 intens edc,2013,11400,17490,Professionnel,Paris,48.9021449,2.4699208, 0174076006,Inferieur_a_Argus
voiture,2013,6700,14700,Particulier,Dampmart,48.9043379,2.768616, ,Inferieur_a_Argus
dci,2013,23000,16900,Particulier,Champagne-sur-Oise,49.167055,2.263752, ,Inferieur_a_Argus
intens dci 90 collaborateur,2013,7500,16950,Particulier,Chapet,48.9835769,1.955788, ,Inferieur_a_Argus
intens tce 120 edc,2014,15000,17500,Particulier,Ozoir-la-Ferrière,48.7823459,2.714312, ,Inferieur_a_Argus
tce 90 energy s&s eco2 zen,2014,8576,15450,Professionnel,Fresnes,48.766786,2.3438071, 0175448164,Superieur_a_Argus
intens edc auto 90ch dci r-link,2014,5500,20300,Particulier,Voisins-le-Bretonneux,48.7694289,2.0684239, ,Superieur_a_Argus
dci,2013,23000,16000,Particulier,Mitry-Mory,49.008961,2.6609419, ,Inferieur_a_Argus
dci 90 energy business s&s eco²,2013,34608,14900,Professionnel,Les Ulis,48.6952541,2.212008, 0169754933,Inferieur_a_Argus
dci 90 energy s&s eco2 zen,2013,35243,13990,Professionnel,Trappes,48.7994999,2.024468, 0161123085,Inferieur_a_Argus
1.5 dci 90 intens edc,2014,2,20780,Professionnel,Sartrouville,48.95456,2.206251, 0139145454,Superieur_a_Argus
dci 90 energy business,2014,19414,16990,Professionnel,Melun,48.5607479,2.6819179, 0615872883,Superieur_a_Argus
dci 90 energy business,2013,21100,16290,Professionnel,Beauchamp,49.025433,2.214979, 0139316439,Superieur_a_Argus
dci 90 intens edc,2013,11440,19450,Professionnel,Nanterre,48.920609,2.23429, 0156837400,Superieur_a_Argus
dci 90 energy s&s eco2 zen,2014,7200,17290,Professionnel,Boulogne-Billancourt,48.853513,2.262718, 0174037256,Superieur_a_Argus
dci 90 energy zen s&s eco²,2014,1000,17390,Professionnel,Créteil,48.807349,2.4773489, 0811708090,Superieur_a_Argus
dci 90 energy intens s&s eco²,2013,3256,18490,Professionnel,Vitry-sur-Seine,48.8085169,2.422809, 0811708090,Superieur_a_Argus
dci 90 energy business s&s eco²,2014,19980,16890,Professionnel,Fontenay-sous-Bois,48.861484,2.499984, 0148763773,Superieur_a_Argus
dci 90 energy intens s&s eco²,2013,7933,18490,Professionnel,Vitry-sur-Seine,48.8085169,2.422809, 0811708090,Superieur_a_Argus
dci 90 energy business s&s eco²,2014,19092,16890,Professionnel,Fontenay-sous-Bois,48.861484,2.499984, 0148763773,Superieur_a_Argus
tce 90 energy intens s&s eco²,2014,1500,17990,Professionnel,Mareil-Marly,48.8876841,2.0923001, 0628537072,Superieur_a_Argus
dci 90 business edc eco²,2014,8500,18290,Professionnel,Créteil,48.807349,2.4773489, 0811708090,Superieur_a_Argus
1.5 dci 90 business s&s eco²,2013,26145,15380,Professionnel,Montrouge,48.822288,2.332443, 0142531111,Inferieur_a_Argus
1.5 dci 90 business s&s eco²,2013,20987,15850,Professionnel,Montrouge,48.822288,2.332443, 0142531111,Inferieur_a_Argus
dci 90 energy intens s&s eco2,2013,34808,16890,Professionnel,Conflans-Sainte-Honorine,49.018355,2.127008, 0139192136,Inferieur_a_Argus
dci 90 energy zen s&s eco2,2014,8634,17290,Professionnel,Montrouge,48.822288,2.332443, 0146128847,Superieur_a_Argus
1.5 dci 90 business s&s eco²,2014,22119,15670,Professionnel,Montrouge,48.822288,2.332443, 0142531111,Inferieur_a_Argus
1.5 dci 90 business s&s eco²,2014,9508,16880,Professionnel,Montrouge,48.822288,2.332443, 0142531111,Inferieur_a_Argus
1.5 dci 90 business s&s eco²,2013,20248,15850,Professionnel,Montrouge,48.822288,2.332443, 0142531111,Inferieur_a_Argus
1.5 dci 90 business s&s eco²,2013,25972,15750,Professionnel,Montrouge,48.822288,2.332443, 0142531111,Inferieur_a_Argus
1.5 dci 90 business s&s eco²,2013,20272,15850,Professionnel,Montrouge,48.822288,2.332443, 0142531111,Inferieur_a_Argus
dci 90 energy intens s&s eco²,2014,6825,17800,Professionnel,Meaux,48.9789879,2.944112, 0183616192,Superieur_a_Argus
dci 90 business gps,2013,22900,15990,Professionnel,Aix-en-Provence,43.62598,5.506365, ,Inferieur_a_Argus
dci 90 energy eco2 intens s-s 4x2,2014,10000,18000,Particulier,Fréjus,43.533516,6.896478, ,Superieur_a_Argus
1.5 dci 90 energy s&s business eco2,2013,32020,14990,Professionnel,Le Pontet,43.990712,4.884883, 0625982919,Inferieur_a_Argus
dci 90 energy business s&s eco²,2014,6002,14800,Professionnel,Aix-en-Provence,43.62598,5.506365, 0825809109,Inferieur_a_Argus
dci 90 energy intens s&s eco²,2014,10000,19300,Professionnel,Vitrolles,43.485664,5.310893, 0486802083,Superieur_a_Argus
dci 90 energy business s&s eco²,2014,14735,14800,Professionnel,Nice,43.760905,7.3234811, 0825809109,Inferieur_a_Argus
dci 90 energy business s&s eco²,2014,17560,14800,Professionnel,Nice,43.760905,7.3234811, 0825809109,Inferieur_a_Argus
dci 90 energy business s&s eco²,2014,18352,14800,Professionnel,Hyères,43.2070129,6.532714, 0825809109,Inferieur_a_Argus
dci 90 energy business s&s eco²,2014,17858,14800,Professionnel,Nice,43.760905,7.3234811, 0825809109,Inferieur_a_Argus
dci 90 energy business s&s eco²,2014,11888,14800,Professionnel,Nice,43.760905,7.3234811, 0825809109,Inferieur_a_Argus
dci 90 energy business s&s eco²,2014,13055,14800,Professionnel,Marseille,43.3911601,5.5323519, 0825809109,Inferieur_a_Argus
dci 90 energy business s&s eco²,2014,17078,14800,Professionnel,Marignane,43.4510801,5.263954, 0825809109,Inferieur_a_Argus
dci 90 energy business s&s eco²,2014,16046,14800,Professionnel,Hyères,43.2070129,6.532714, 0825809109,Inferieur_a_Argus
dci 90 energy business s&s eco²,2014,10773,14800,Professionnel,Nice,43.760905,7.3234811, 0825809109,Inferieur_a_Argus
dci 90 energy business s&s eco²,2013,25313,13400,Professionnel,Aix-en-Provence,43.62598,5.506365, 06860383420825809109,Inferieur_a_Argus
dci 90 energy business s&s eco²,2014,20078,14500,Professionnel,Marignane,43.4510801,5.263954, 0825809109,Inferieur_a_Argus
dci 90 energy business s&s eco²,2014,15948,14800,Professionnel,Aix-en-Provence,43.62598,5.506365, 06750100420825809109,Inferieur_a_Argus
dci 90 energy business s&s eco²,2014,10241,14800,Professionnel,Marignane,43.4510801,5.263954, 0825809109,Inferieur_a_Argus
dci 90 energy business s&s eco²,2014,17147,14800,Professionnel,Nice,43.760905,7.3234811, 0825809109,Inferieur_a_Argus
dci 90 energy business s&s eco²,2013,20087,13900,Professionnel,Marignane,43.4510801,5.263954, 0825809109,Inferieur_a_Argus
dci 90 energy business s&s eco²,2014,13268,14800,Professionnel,Nice,43.760905,7.3234811, 0825809109,Inferieur_a_Argus
dci 90 energy business s&s eco²,2013,22466,13700,Professionnel,Aix-en-Provence,43.62598,5.506365, 0825809109,Inferieur_a_Argus
dci 90 energy business s&s eco²,2014,11841,14800,Professionnel,Marseille,43.3911601,5.5323519, 0825809109,Inferieur_a_Argus
dci 90 energy business s&s eco²,2014,9545,14800,Professionnel,Nice,43.760905,7.3234811, 0825809109,Inferieur_a_Argus
dci 90 energy business s&s eco²,2014,16816,14800,Professionnel,Cannes,43.574851,7.074204, 0825809109,Inferieur_a_Argus
dci 90 energy business s&s eco²,2014,19206,14800,Professionnel,Aix-en-Provence,43.62598,5.506365, 0825809109,Inferieur_a_Argus
dci 90 energy business s&s eco²,2014,15998,14800,Professionnel,Hyères,43.2070129,6.532714, 0825809109,Inferieur_a_Argus
dci 90 energy business s&s eco²,2014,11200,14800,Professionnel,Nice,43.760905,7.3234811, 0825809109,Inferieur_a_Argus
dci 90 energy business s&s eco²,2014,19000,14800,Professionnel,Toulon,43.171673,5.9873831, 0825809109,Inferieur_a_Argus
dci 90 energy business s&s eco²,2014,15798,14800,Professionnel,Cavaillon,43.8906071,5.0930229, 0825809109,Inferieur_a_Argus
dci 90 energy business s&s eco²,2014,18155,14800,Professionnel,Cannes,43.574851,7.074204, 0825809109,Inferieur_a_Argus
dci 90 energy business s&s eco²,2014,17190,14800,Professionnel,Nice,43.760905,7.3234811, 0825809109,Inferieur_a_Argus
dci 90 energy business s&s eco²,2014,16357,14800,Professionnel,Marignane,43.4510801,5.263954, 0825809109,Inferieur_a_Argus
dci 90 energy business s&s eco²,2014,13785,14800,Professionnel,Nice,43.760905,7.3234811, 0825809109,Inferieur_a_Argus
dci 90 energy intens s&s,2014,10,18990,Professionnel,Miramas,43.6180909,5.062742, 09.74.91.50.000482792079,Superieur_a_Argus
neuf 1.5 dci 90 intens energy,2014,5,18990,Professionnel,Roquebrune-sur-Argens,43.51696,6.719535, 835200000104941971030650046106,Superieur_a_Argus
intens dci super affaire,2013,14600,16900,Particulier,La Seyne-sur-Mer,43.1216179,5.91129, ,Inferieur_a_Argus
scenic 3 xmod bose dci 130cv etat neuf,2014,1050,21750,Particulier,Toulon,43.171673,5.9873831, ,Superieur_a_Argus
dci90 ener. s/s sl h.h 0km,0,1,19990,Professionnel,Aix-en-Provence,43.62598,5.506365, 0476523234,Superieur_a_Argus
dci 90 energy business s&s eco²,2014,19076,17490,Professionnel,Aix-en-Provence,43.62598,5.506365, 0811708090,Superieur_a_Argus
dci 90 energy business,2013,19327,15490,Professionnel,Arles,43.760423,4.8763449, 0490188023,Inferieur_a_Argus
1.2 tce 120 intens edc,2013,13000,16990,Professionnel,Marseille,43.3911601,5.5323519, ,Inferieur_a_Argus
intens 120 cv tce,2013,12020,16900,Professionnel,Hyères,43.2070129,6.532714, 06.58.36.06.06,Inferieur_a_Argus
zen energy dci 90 éco2,2013,10,20200,Professionnel,Aix-en-Provence,43.62598,5.506365, 0811708090,Superieur_a_Argus
tce 90 energy zen s&s eco²,2013,16209,14990,Professionnel,Avignon,43.9966409,4.927226, 0811708090,Superieur_a_Argus
intense 1.5 dci,2013,23000,17000,Particulier,Hyères,43.2070129,6.532714, ,Inferieur_a_Argus
tce 90 energy s&s eco2 zen,2014,10,16990,Professionnel,Cagnes-sur-Mer,43.700549,7.1796911, 0422170093,Superieur_a_Argus
dci 90 energy s&s eco2 intens,2014,10,20990,Professionnel,Cagnes-sur-Mer,43.700549,7.1796911, 0422170093,Superieur_a_Argus
dci 90 energy zen,2013,19500,15800,Professionnel,Hyères,43.2070129,6.532714, ,Inferieur_a_Argus
na,2014,9950,19500,Particulier,Toulon,43.171673,5.9873831, ,Superieur_a_Argus
na,2013,26000,15900,Particulier,Ceyreste,43.242043,5.682987, ,Inferieur_a_Argus
dci 90 energy s&s eco2 intens,2014,4363,19900,Professionnel,Cannes,43.574851,7.074204, 0422170107,Superieur_a_Argus
1.5 dci 90 intens energy intens s s,2014,5,18490,Professionnel,Draguignan,43.5726711,6.5344511, 833000000004946730500665230429,Superieur_a_Argus
dci 90 energy s&s eco2 zen,2014,5026,17490,Professionnel,Cagnes-sur-Mer,43.700549,7.1796911, 0422170093,Superieur_a_Argus
dci 90 zen edc,2014,9,19500,Professionnel,La Valette-du-Var,43.1736331,6.0256771, 0422170181,Superieur_a_Argus
dci 90 intens edc,2014,4689,19790,Professionnel,Marignane,43.4510801,5.263954, 0608929780,Superieur_a_Argus
dci 90 energy s&s eco2 zen,2014,17147,16890,Professionnel,Marignane,43.4510801,5.263954, 0608929780,Superieur_a_Argus
dci 90 energy business,2014,19239,16990,Professionnel,Vitrolles,43.485664,5.310893, 0613920082,Superieur_a_Argus
dci 90 energy s&s eco2 intens,2014,3251,18800,Professionnel,Cannes,43.574851,7.074204, 0422170107,Superieur_a_Argus
na,2013,22000,16100,Particulier,Coudoux,43.581399,5.28581, 0615065363,Egal_a_Argus
dci 90 energy s&s eco2 intens,2014,11,18900,Professionnel,Aubagne,43.336297,5.6153941, 0422170191,Superieur_a_Argus
2013,2013,23000,15900,Particulier,Serres,44.450397,5.7468219, ,Inferieur_a_Argus
dci 90 zen edc,2014,10891,18990,Professionnel,Gap,44.664568,6.141088, 0628436660,Superieur_a_Argus
tce 120 intens edc,2013,16769,18400,Professionnel,La Valette-du-Var,43.1736331,6.0256771, 0422170181,Superieur_a_Argus
dci 90 energy business,2013,25155,16200,Professionnel,Aubagne,43.336297,5.6153941, 0422170191,Superieur_a_Argus
dci 90 energy s&s eco2 zen,2014,6012,17600,Professionnel,Cannes,43.574851,7.074204, 0422170107,Superieur_a_Argus
dci 90 energy business,2014,16527,16990,Professionnel,Cagnes-sur-Mer,43.700549,7.1796911, 0422170093,Superieur_a_Argus
1.5 dci 90 intens energy intens s s,2014,5,18490,Professionnel,Draguignan,43.5726711,6.5344511, 833000000104946730500665230429,Superieur_a_Argus
tce 120 intens edc,2014,5,19590,Professionnel,Roquebrune-sur-Argens,43.51696,6.719535, 835200000504941971030650046106,Superieur_a_Argus
dci 90 energy s&s eco2 zen,2013,40849,14700,Professionnel,Marseille,43.3911601,5.5323519, 0422170199,Inferieur_a_Argus
dci 90 energy s&s eco2 zen,2014,3985,17900,Professionnel,Cannes,43.574851,7.074204, 0422170107,Superieur_a_Argus
dci 90 energy s&s eco2 zen,2014,3640,17900,Professionnel,Cannes,43.574851,7.074204, 0422170107,Superieur_a_Argus
fluence dci privilege gps garantie,2010,36500,9500,Professionnel,Avignon,43.9966409,4.927226, 0490012844049060543506273863540627608260,Inferieur_a_Argus
intense,2013,9954,17400,Professionnel,Gap,44.664568,6.141088, 0492533452,Superieur_a_Argus
dci 90 energy s&s eco2 intens,2013,13576,17990,Professionnel,Marignane,43.4510801,5.263954, 0608929780,Superieur_a_Argus
dci 90 energy business,2013,23259,16490,Professionnel,Arles,43.760423,4.8763449, 0490188023,Superieur_a_Argus
dci 90 energy s&s eco2 zen,2013,29632,15990,Professionnel,Manosque,43.883944,5.8531579, 0628436660,Inferieur_a_Argus
intense diesel 2013,2013,28000,17990,Particulier,Rognonas,43.9197269,4.818792, ,Superieur_a_Argus
tce 90 energy s&s eco2 zen,2013,9500,14990,Professionnel,Avignon,43.9966409,4.927226, 0486877981,Superieur_a_Argus
dci 90 energy intens s&s gps neuf,2014,10,19780,Professionnel,La Destrousse,43.391391,5.609904, ,Superieur_a_Argus
dci 90 business gps,2013,22900,15990,Professionnel,Aix-en-Provence,43.62598,5.506365, ,Inferieur_a_Argus
dci 90 energy eco2 intens s-s 4x2,2014,10000,18000,Particulier,Fréjus,43.533516,6.896478, ,Superieur_a_Argus
1.5 dci 90 energy s&s business eco2,2013,32020,14990,Professionnel,Le Pontet,43.990712,4.884883, 0625982919,Inferieur_a_Argus
dci 90 energy business s&s eco²,2014,6002,14800,Professionnel,Aix-en-Provence,43.62598,5.506365, 0825809109,Inferieur_a_Argus
dci 90 energy intens s&s eco²,2014,10000,19300,Professionnel,Vitrolles,43.485664,5.310893, 0486802083,Superieur_a_Argus
dci 90 energy business s&s eco²,2014,14735,14800,Professionnel,Nice,43.760905,7.3234811, 0825809109,Inferieur_a_Argus
dci 90 energy business s&s eco²,2014,17560,14800,Professionnel,Nice,43.760905,7.3234811, 0825809109,Inferieur_a_Argus
dci 90 energy business s&s eco²,2014,18352,14800,Professionnel,Hyères,43.2070129,6.532714, 0825809109,Inferieur_a_Argus
dci 90 energy business s&s eco²,2014,17858,14800,Professionnel,Nice,43.760905,7.3234811, 0825809109,Inferieur_a_Argus
dci 90 energy business s&s eco²,2014,11888,14800,Professionnel,Nice,43.760905,7.3234811, 0825809109,Inferieur_a_Argus
dci 90 energy business s&s eco²,2014,13055,14800,Professionnel,Marseille,43.3911601,5.5323519, 0825809109,Inferieur_a_Argus
dci 90 energy business s&s eco²,2014,17078,14800,Professionnel,Marignane,43.4510801,5.263954, 0825809109,Inferieur_a_Argus
dci 90 energy business s&s eco²,2014,16046,14800,Professionnel,Hyères,43.2070129,6.532714, 0825809109,Inferieur_a_Argus
dci 90 energy business s&s eco²,2014,10773,14800,Professionnel,Nice,43.760905,7.3234811, 0825809109,Inferieur_a_Argus
dci 90 energy business s&s eco²,2013,25313,13400,Professionnel,Aix-en-Provence,43.62598,5.506365, 06860383420825809109,Inferieur_a_Argus
dci 90 energy business s&s eco²,2014,20078,14500,Professionnel,Marignane,43.4510801,5.263954, 0825809109,Inferieur_a_Argus
dci 90 energy business s&s eco²,2014,15948,14800,Professionnel,Aix-en-Provence,43.62598,5.506365, 06750100420825809109,Inferieur_a_Argus
dci 90 energy business s&s eco²,2014,10241,14800,Professionnel,Marignane,43.4510801,5.263954, 0825809109,Inferieur_a_Argus
dci 90 energy business s&s eco²,2014,17147,14800,Professionnel,Nice,43.760905,7.3234811, 0825809109,Inferieur_a_Argus
dci 90 energy business s&s eco²,2013,20087,13900,Professionnel,Marignane,43.4510801,5.263954, 0825809109,Inferieur_a_Argus
dci 90 energy business s&s eco²,2014,13268,14800,Professionnel,Nice,43.760905,7.3234811, 0825809109,Inferieur_a_Argus
dci 90 energy business s&s eco²,2013,22466,13700,Professionnel,Aix-en-Provence,43.62598,5.506365, 0825809109,Inferieur_a_Argus
dci 90 energy business s&s eco²,2014,11841,14800,Professionnel,Marseille,43.3911601,5.5323519, 0825809109,Inferieur_a_Argus
dci 90 energy business s&s eco²,2014,9545,14800,Professionnel,Nice,43.760905,7.3234811, 0825809109,Inferieur_a_Argus
dci 90 energy business s&s eco²,2014,16816,14800,Professionnel,Cannes,43.574851,7.074204, 0825809109,Inferieur_a_Argus
dci 90 energy business s&s eco²,2014,19206,14800,Professionnel,Aix-en-Provence,43.62598,5.506365, 0825809109,Inferieur_a_Argus
dci 90 energy business s&s eco²,2014,15998,14800,Professionnel,Hyères,43.2070129,6.532714, 0825809109,Inferieur_a_Argus
dci 90 energy business s&s eco²,2014,11200,14800,Professionnel,Nice,43.760905,7.3234811, 0825809109,Inferieur_a_Argus
dci 90 energy business s&s eco²,2014,19000,14800,Professionnel,Toulon,43.171673,5.9873831, 0825809109,Inferieur_a_Argus
dci 90 energy business s&s eco²,2014,15798,14800,Professionnel,Cavaillon,43.8906071,5.0930229, 0825809109,Inferieur_a_Argus
dci 90 energy business s&s eco²,2014,18155,14800,Professionnel,Cannes,43.574851,7.074204, 0825809109,Inferieur_a_Argus
dci 90 energy business s&s eco²,2014,17190,14800,Professionnel,Nice,43.760905,7.3234811, 0825809109,Inferieur_a_Argus
dci 90 energy business s&s eco²,2014,16357,14800,Professionnel,Marignane,43.4510801,5.263954, 0825809109,Inferieur_a_Argus
dci 90 energy business s&s eco²,2014,13785,14800,Professionnel,Nice,43.760905,7.3234811, 0825809109,Inferieur_a_Argus
dci 90 energy intens s&s,2014,10,18990,Professionnel,Miramas,43.6180909,5.062742, 09.74.91.50.000482792079,Superieur_a_Argus
neuf 1.5 dci 90 intens energy,2014,5,18990,Professionnel,Roquebrune-sur-Argens,43.51696,6.719535, 835200000104941971030650046106,Superieur_a_Argus
intens dci super affaire,2013,14600,16900,Particulier,La Seyne-sur-Mer,43.1216179,5.91129, ,Inferieur_a_Argus
scenic 3 xmod bose dci 130cv etat neuf,2014,1050,21750,Particulier,Toulon,43.171673,5.9873831, ,Superieur_a_Argus
dci90 ener. s/s sl h.h 0km,0,1,19990,Professionnel,Aix-en-Provence,43.62598,5.506365, 0476523234,Superieur_a_Argus
dci 90 energy business s&s eco²,2014,19076,17490,Professionnel,Aix-en-Provence,43.62598,5.506365, 0811708090,Superieur_a_Argus
dci 90 energy business,2013,19327,15490,Professionnel,Arles,43.760423,4.8763449, 0490188023,Inferieur_a_Argus
1.2 tce 120 intens edc,2013,13000,16990,Professionnel,Marseille,43.3911601,5.5323519, ,Inferieur_a_Argus
intens 120 cv tce,2013,12020,16900,Professionnel,Hyères,43.2070129,6.532714, 06.58.36.06.06,Inferieur_a_Argus
zen energy dci 90 éco2,2013,10,20200,Professionnel,Aix-en-Provence,43.62598,5.506365, 0811708090,Superieur_a_Argus
tce 90 energy zen s&s eco²,2013,16209,14990,Professionnel,Avignon,43.9966409,4.927226, 0811708090,Superieur_a_Argus
intense 1.5 dci,2013,23000,17000,Particulier,Hyères,43.2070129,6.532714, ,Inferieur_a_Argus
tce 90 energy s&s eco2 zen,2014,10,16990,Professionnel,Cagnes-sur-Mer,43.700549,7.1796911, 0422170093,Superieur_a_Argus
dci 90 energy s&s eco2 intens,2014,10,20990,Professionnel,Cagnes-sur-Mer,43.700549,7.1796911, 0422170093,Superieur_a_Argus
dci 90 energy zen,2013,19500,15800,Professionnel,Hyères,43.2070129,6.532714, ,Inferieur_a_Argus
na,2014,9950,19500,Particulier,Toulon,43.171673,5.9873831, ,Superieur_a_Argus
na,2013,26000,15900,Particulier,Ceyreste,43.242043,5.682987, ,Inferieur_a_Argus
dci 90 energy s&s eco2 intens,2014,4363,19900,Professionnel,Cannes,43.574851,7.074204, 0422170107,Superieur_a_Argus
1.5 dci 90 intens energy intens s s,2014,5,18490,Professionnel,Draguignan,43.5726711,6.5344511, 833000000004946730500665230429,Superieur_a_Argus
dci 90 energy s&s eco2 zen,2014,5026,17490,Professionnel,Cagnes-sur-Mer,43.700549,7.1796911, 0422170093,Superieur_a_Argus
dci 90 zen edc,2014,9,19500,Professionnel,La Valette-du-Var,43.1736331,6.0256771, 0422170181,Superieur_a_Argus
dci 90 intens edc,2014,4689,19790,Professionnel,Marignane,43.4510801,5.263954, 0608929780,Superieur_a_Argus
dci 90 energy s&s eco2 zen,2014,17147,16890,Professionnel,Marignane,43.4510801,5.263954, 0608929780,Superieur_a_Argus
dci 90 energy business,2014,19239,16990,Professionnel,Vitrolles,43.485664,5.310893, 0613920082,Superieur_a_Argus
dci 90 energy s&s eco2 intens,2014,3251,18800,Professionnel,Cannes,43.574851,7.074204, 0422170107,Superieur_a_Argus
na,2013,22000,16100,Particulier,Coudoux,43.581399,5.28581, 0615065363,Egal_a_Argus
dci 90 energy s&s eco2 intens,2014,11,18900,Professionnel,Aubagne,43.336297,5.6153941, 0422170191,Superieur_a_Argus
2013,2013,23000,15900,Particulier,Serres,44.450397,5.7468219, ,Inferieur_a_Argus
dci 90 zen edc,2014,10891,18990,Professionnel,Gap,44.664568,6.141088, 0628436660,Superieur_a_Argus
tce 120 intens edc,2013,16769,18400,Professionnel,La Valette-du-Var,43.1736331,6.0256771, 0422170181,Superieur_a_Argus
dci 90 energy business,2013,25155,16200,Professionnel,Aubagne,43.336297,5.6153941, 0422170191,Superieur_a_Argus
dci 90 energy s&s eco2 zen,2014,6012,17600,Professionnel,Cannes,43.574851,7.074204, 0422170107,Superieur_a_Argus
dci 90 energy business,2014,16527,16990,Professionnel,Cagnes-sur-Mer,43.700549,7.1796911, 0422170093,Superieur_a_Argus
1.5 dci 90 intens energy intens s s,2014,5,18490,Professionnel,Draguignan,43.5726711,6.5344511, 833000000104946730500665230429,Superieur_a_Argus
tce 120 intens edc,2014,5,19590,Professionnel,Roquebrune-sur-Argens,43.51696,6.719535, 835200000504941971030650046106,Superieur_a_Argus
dci 90 energy s&s eco2 zen,2013,40849,14700,Professionnel,Marseille,43.3911601,5.5323519, 0422170199,Inferieur_a_Argus
dci 90 energy s&s eco2 zen,2014,3985,17900,Professionnel,Cannes,43.574851,7.074204, 0422170107,Superieur_a_Argus
dci 90 energy s&s eco2 zen,2014,3640,17900,Professionnel,Cannes,43.574851,7.074204, 0422170107,Superieur_a_Argus
fluence dci privilege gps garantie,2010,36500,9500,Professionnel,Avignon,43.9966409,4.927226, 0490012844049060543506273863540627608260,Inferieur_a_Argus
intense,2013,9954,17400,Professionnel,Gap,44.664568,6.141088, 0492533452,Superieur_a_Argus
dci 90 energy s&s eco2 intens,2013,13576,17990,Professionnel,Marignane,43.4510801,5.263954, 0608929780,Superieur_a_Argus
dci 90 energy business,2013,23259,16490,Professionnel,Arles,43.760423,4.8763449, 0490188023,Superieur_a_Argus
dci 90 energy s&s eco2 zen,2013,29632,15990,Professionnel,Manosque,43.883944,5.8531579, 0628436660,Inferieur_a_Argus
intense diesel 2013,2013,28000,17990,Particulier,Rognonas,43.9197269,4.818792, ,Superieur_a_Argus
tce 90 energy s&s eco2 zen,2013,9500,14990,Professionnel,Avignon,43.9966409,4.927226, 0486877981,Superieur_a_Argus
dci 90 energy intens s&s gps neuf,2014,10,19780,Professionnel,La Destrousse,43.391391,5.609904, ,Superieur_a_Argus
dci 90 energy zen s&s eco2,2013,11900,16900,Professionnel,Avignon,43.9966409,4.927226, 0065-6000440624646507,Superieur_a_Argus
tce 120ch intens boite edc,2014,1222,19900,Professionnel,Fréjus,43.533516,6.896478, 0669509220,Superieur_a_Argus
dci 90 energy intens s&s eco²,2014,300,19990,Professionnel,Venelles,43.6235161,5.534962, 0625620029,Superieur_a_Argus
business dci 90 energy business,2014,9548,16500,Professionnel,Carpentras,44.1033929,5.1019901, 0640226880,Superieur_a_Argus
dci 90 energy s&s eco2 intens,2013,19279,16990,Professionnel,Bollène,44.3269529,4.806445, 0634239821,Inferieur_a_Argus
business dci 90 energy business,2013,9739,16100,Professionnel,Bollène,44.3269529,4.806445, 0634239821,Egal_a_Argus
dci 90 energy s&s eco2 intens,2013,26808,16900,Professionnel,Cannes,43.574851,7.074204, 0422170107,Inferieur_a_Argus
na,2013,29000,14900,Particulier,Saint-Maximin-la-Sainte-Baume,43.497546,5.925552, ,Inferieur_a_Argus
tce 90 energy s&s eco2 intens,2014,10,16700,Professionnel,Orange,44.187844,4.8786721, 0607135149,Superieur_a_Argus
dci 90 energy s&s eco2 zen,2014,5219,17900,Professionnel,Cannes,43.574851,7.074204, 0422170107,Superieur_a_Argus
dci 90 energy s&s eco2 zen,2014,18670,16990,Professionnel,Cavaillon,43.8906071,5.0930229, 0490786363,Superieur_a_Argus
dci 90 energy s&s eco2 zen,2014,8210,17490,Professionnel,Cagnes-sur-Mer,43.700549,7.1796911, 0422170093,Superieur_a_Argus
dci 90 energy s&s eco2 zen,2014,5470,17900,Professionnel,Salon-de-Provence,43.688584,5.143973, 0490421313,Superieur_a_Argus
dci 90 energy s&s eco2 zen,2014,4733,18300,Professionnel,Cannes,43.574851,7.074204, 0422170107,Superieur_a_Argus
dci 90 eco2 business energy,2013,40860,15290,Professionnel,Antibes,43.6227,7.1451269, ,Inferieur_a_Argus
dci 90 business edc,2014,18507,17490,Professionnel,Cavaillon,43.8906071,5.0930229, 0490786363,Inferieur_a_Argus
dci 90 energy business,2014,11852,17990,Professionnel,Arles,43.760423,4.8763449, 0490188023,Superieur_a_Argus
plusieurs   dci 90 intense gps neuf,2014,10,18900,Professionnel,Martigues,43.443478,5.1050508, 06641699510830085008,Superieur_a_Argus
dci 90 energy s&s eco2 intens,2014,18637,18500,Professionnel,Salon-de-Provence,43.688584,5.143973, 0490421313,Superieur_a_Argus
dci 90 energy intens s&s eco²,2014,10,19900,Professionnel,Vitrolles,43.485664,5.310893, 0486802083,Superieur_a_Argus
dci 90 energy intens s&s eco2,2014,10,18990,Professionnel,Marignane,43.4510801,5.263954, 0608929780,Superieur_a_Argus
na,2013,9800,15500,Particulier,Marseille,43.3911601,5.5323519, ,Inferieur_a_Argus
na,2013,17913,16200,Particulier,La Ciotat,43.2189041,5.679111, ,Superieur_a_Argus
dci 90 energy s&s eco2 zen,2014,4535,17800,Professionnel,Aubagne,43.336297,5.6153941, 0422170191,Superieur_a_Argus
dci 90 intens edc eco²,2014,2400,20900,Professionnel,Port-de-Bouc,43.445346,5.02729, 0442405353,Superieur_a_Argus
na,2014,4500,19200,Particulier,Simiane-Collongue,43.447481,5.479362, 06.52.69.44.08,Superieur_a_Argus
na,2013,28000,14500,Particulier,Fayence,43.657519,6.7153789, ,Inferieur_a_Argus
tce 120 zen edc,2013,7450,16500,Professionnel,La Seyne-sur-Mer,43.1216179,5.91129, 0682177533,Superieur_a_Argus
dci 90 energy s&s eco2 zen,2013,41573,14990,Professionnel,Avignon,43.9966409,4.927226, 0486877981,Inferieur_a_Argus
tce 90 energy s&s eco2 intens,2014,1674,16990,Professionnel,Marignane,43.4510801,5.263954, 0608929780,Superieur_a_Argus
dci 90 energy business,2013,20500,16990,Professionnel,Cagnes-sur-Mer,43.700549,7.1796911, 0422170093,Superieur_a_Argus
tce 90 energy intens s&s eco2,2013,24060,15900,Professionnel,Gardanne,43.489082,5.5294779, 0442949596,Superieur_a_Argus
1.5 dci 90 energy s&s business eco2,2013,24600,15790,Professionnel,Le Pontet,43.990712,4.884883, 0625982919,Inferieur_a_Argus
business dci 90 energy business,2013,21174,15900,Professionnel,Orange,44.187844,4.8786721, 0612103931,Inferieur_a_Argus
dci 90 energy business,2013,19485,16800,Professionnel,Cannes,43.574851,7.074204, 0422170107,Superieur_a_Argus
dci 90 energy zen s&s eco²,2013,29757,15490,Professionnel,Aix-en-Provence,43.62598,5.506365, 0442952895,Inferieur_a_Argus
""" business energy dci 90cv eco2 """,2014,18625,16990,Professionnel,Antibes,43.6227,7.1451269, ,Superieur_a_Argus
dci 90 energy intens s&s eco²,2013,19372,17490,Professionnel,Brignoles,43.4330591,6.1754749, 0494370125,Inferieur_a_Argus
dci 90 energy zen s&s eco²,2013,3795,17400,Professionnel,Valréas,44.4315659,5.0722219, 0490351460,Superieur_a_Argus
annee 2013,2013,10000,17000,Particulier,Aix-en-Provence,43.62598,5.506365, ,Superieur_a_Argus
na,2013,28000,17500,Particulier,Saint-Chamas,43.569698,5.121874, ,Superieur_a_Argus
dci 90 energy business,2013,11003,17900,Professionnel,La Valette-du-Var,43.1736331,6.0256771, 0422170181,Superieur_a_Argus
dci 90 energy intens s&s eco2,2013,13500,17990,Professionnel,Manosque,43.883944,5.8531579, 0628436660,Superieur_a_Argus
tce 90 energy zen s&s eco2,2014,8254,15990,Professionnel,Manosque,43.883944,5.8531579, 0628436660,Superieur_a_Argus
dci 90 energy business,2013,17904,17700,Professionnel,La Valette-du-Var,43.1736331,6.0256771, 0422170181,Superieur_a_Argus
dci 90 energy s&s eco2 zen,2013,13998,16490,Professionnel,Manosque,43.883944,5.8531579, 0628436660,Superieur_a_Argus
dci 90 intens,2013,30000,16900,Particulier,Garéoult,43.365879,6.070541, ,Inferieur_a_Argus
1.5 dci 90cv business 2014,2014,16800,15850,Professionnel,Nice,43.760905,7.3234811, ,Inferieur_a_Argus
na,2013,9600,17500,Particulier,Marseille,43.3911601,5.5323519, ,Superieur_a_Argus
tce 90 energy zen s&s eco²,2013,11058,14990,Professionnel,Draguignan,43.5726711,6.5344511, 0687808813,Superieur_a_Argus
tce 90 energy zen s&s eco²,2013,3895,14900,Professionnel,Mougins,43.6182481,7.054593, 0422106388,Superieur_a_Argus
dci 90ch energy zen,2013,11225,15990,Professionnel,Fréjus,43.533516,6.896478, 0669509220,Inferieur_a_Argus
intens dci 90cv s&s eco2,2013,40000,16000,Particulier,Lauris,43.793126,5.33349, ,Inferieur_a_Argus
tce 120 zen edc,2014,3962,16890,Professionnel,Marignane,43.4510801,5.263954, 0608929780,Superieur_a_Argus
dci 90 energy s&s eco2 zen,2014,5109,18290,Professionnel,Cannes,43.574851,7.074204, 0422170107,Superieur_a_Argus
life + 1.5 dci 90 ch à - 15%,2014,10,16990,Professionnel,Lançon-Provence,43.622607,5.2557809, ,Superieur_a_Argus
dci 90 energy s&s eco2 zen,2014,5541,17899,Professionnel,Cannes,43.574851,7.074204, 0422170107,Superieur_a_Argus
tce 90 energy zen s&s eco2,2014,4994,13900,Professionnel,Nice,43.760905,7.3234811, 0489613187,Inferieur_a_Argus
dci 90 energy business,2014,7092,17900,Professionnel,Avignon,43.9966409,4.927226, 0486877981,Superieur_a_Argus
tce 90 energy s&s eco2 intens,2014,11136,15990,Professionnel,Vitrolles,43.485664,5.310893, 0613920082,Superieur_a_Argus
tce 90 energy s&s eco2 zen,2013,5486,14990,Professionnel,Manosque,43.883944,5.8531579, 0628436660,Superieur_a_Argus
tce 90 energy intens s&s eco2,2014,18303,15990,Professionnel,Arles,43.760423,4.8763449, 0490188023,Superieur_a_Argus
tce 90 zen intens eco2 s&s,2013,24500,14800,Particulier,Marseille,43.3911601,5.5323519, ,Superieur_a_Argus
tce 90 energy intens s&s eco²,2014,2719,16490,Professionnel,Draguignan,43.5726711,6.5344511, 0687808813,Superieur_a_Argus
dci 90 energy intens,2014,10,18790,Professionnel,La Garde,43.1547099,6.054145, 049403478006216206390609098887,Superieur_a_Argus
dci 90 zen edc,2014,3497,19490,Professionnel,Cagnes-sur-Mer,43.700549,7.1796911, 0422170093,Superieur_a_Argus
dci 90 energy business,2013,29361,16490,Professionnel,Cannes,43.574851,7.074204, 0422170107,Superieur_a_Argus
dci 90 energy business s&s eco²,2014,20598,17490,Professionnel,Aix-en-Provence,43.62598,5.506365, 0811708090,Superieur_a_Argus
dci 90 energy zen s&s eco²,2014,18566,17890,Professionnel,Aix-en-Provence,43.62598,5.506365, 0811708090,Superieur_a_Argus
tce 90 energy zen s&s eco²,2013,3333,15150,Professionnel,Aix-en-Provence,43.62598,5.506365, 0811708090,Superieur_a_Argus
tce 120 intens edc,2014,10,19790,Professionnel,Aix-en-Provence,43.62598,5.506365, 0811708090,Superieur_a_Argus
zen energy dci 90 éco2,2013,10,20200,Professionnel,Aix-en-Provence,43.62598,5.506365, 0811708090,Superieur_a_Argus
dci 90 energy business,2014,8900,17990,Professionnel,Avignon,43.9966409,4.927226, 0486877981,Superieur_a_Argus
dci 90 energy s&s eco2 intens,2014,13306,17990,Professionnel,Orange,44.187844,4.8786721, 0607135149,Superieur_a_Argus
intens energy dci90 eco2 pack techn,2013,17300,17300,Particulier,Fos-sur-Mer,43.510613,4.9816641, ,Inferieur_a_Argus
intens dci 90,2013,32000,16900,Particulier,Draguignan,43.5726711,6.5344511, ,Inferieur_a_Argus
dci 90 energy business s&s eco²,2013,25746,16990,Professionnel,Brignoles,43.4330591,6.1754749, 0494370125,Superieur_a_Argus
dci 90 energy s&s eco2 intens,2014,5,19900,Professionnel,La Seyne-sur-Mer,43.1216179,5.91129, 0683688779,Superieur_a_Argus
tce 90 energy zen s&s eco²,2014,10,16900,Professionnel,Cavaillon,43.8906071,5.0930229, 0490066262,Superieur_a_Argus
dci 90 energy zen s&s eco2,2013,23143,16490,Professionnel,Manosque,43.883944,5.8531579, 0628436660,Superieur_a_Argus
dci 90 energy business,2013,19612,16900,Professionnel,Cannes,43.574851,7.074204, 0422170107,Superieur_a_Argus
dci 90 energy business,2014,20394,16900,Professionnel,Salon-de-Provence,43.688584,5.143973, 0490421313,Superieur_a_Argus
1.5 dci 90 zen energy procedure ve,2014,2000,8500,Professionnel,Saint-Andiol,43.8533569,4.9923169, ,Inferieur_a_Argus
dci 90 energy intens s&s eco²,2014,12758,17490,Professionnel,Brignoles,43.4330591,6.1754749, 0494370125,Inferieur_a_Argus
dci 90 intens + options 2014 5 km,2014,5,18990,Professionnel,Saint-Paul-lès-Dax,43.785051,-1.0199329, ,Superieur_a_Argus
1.5 dci 90cv intense neuve,2014,10,17900,Professionnel,Bidart,43.4628428,-1.542137, ,Superieur_a_Argus
dci 90 energy business,2014,19993,16795,Professionnel,Bergerac,44.900083,0.5454889, ,Superieur_a_Argus
dci 90 intens garantie,2013,11000,20490,Professionnel,Mérignac,44.862704,-0.606831, 05572158310659095436,Superieur_a_Argus
dci 90 energy business s&s eco²,2014,24353,14500,Professionnel,Mérignac,44.862704,-0.606831, 0825809109,Inferieur_a_Argus
dci 90 energy business s&s eco²,2014,18013,15000,Professionnel,Mérignac,44.862704,-0.606831, 06982887010825809109,Inferieur_a_Argus
dci 90 energy business s&s eco²,2014,19520,14800,Professionnel,Mérignac,44.862704,-0.606831, 0825809109,Inferieur_a_Argus
dci 90 energy business s&s eco²,2014,18144,15000,Professionnel,Uzein,43.424081,-0.4098561, 05593316380825809109,Inferieur_a_Argus
dci 90 energy business s&s eco²,2014,22000,15200,Professionnel,Mérignac,44.862704,-0.606831, 06085598980825809109,Inferieur_a_Argus
dci 90 energy intens s&s eco²,2014,10,19390,Professionnel,Lormont,44.889221,-0.4942701, 05.82.84.82.370582848237,Superieur_a_Argus
dci 90 energy intens s&s eco²,2014,10,19390,Professionnel,Lormont,44.889221,-0.4942701, 05.82.84.82.370582848237,Superieur_a_Argus
dci 90 energy intens s&s eco²,2014,10,19390,Professionnel,Lormont,44.889221,-0.4942701, 05.82.84.82.370582848237,Superieur_a_Argus
dci 90 energy intens s&s eco²,2014,10,19390,Professionnel,Lormont,44.889221,-0.4942701, 05.82.84.82.3725399122990582848237,Superieur_a_Argus
dci 90 energy intens s&s eco²,2014,10,19490,Professionnel,Boé,44.1932421,0.685388, 05.53.68.49.3127775103800553684931,Superieur_a_Argus
dci 90 energy intens s&s eco²,2014,10,18990,Professionnel,Lormont,44.889221,-0.4942701, 05.82.84.82.370582848237,Superieur_a_Argus
dci 90ch état neuf,2013,38000,15500,Particulier,Mussidan,45.042343,0.378895, ,Inferieur_a_Argus
dci 90 energy intens s&s eco²,2014,10,19490,Professionnel,Boé,44.1932421,0.685388, 05.53.68.49.3127774176120553684931,Superieur_a_Argus
dci 90 energy intens s&s eco²,2014,11000,18290,Professionnel,Lormont,44.889221,-0.4942701, 05.82.84.82.370582848237,Superieur_a_Argus
intens energy dci 90 eco2,2013,9500,17500,Particulier,Agen,44.223818,0.6577889, 05.53.66.89.4906.37.33.41.42,Inferieur_a_Argus
dci 90 energy zen s&s eco²,2014,20850,15990,Professionnel,Saint-Sever,43.7990129,-0.479087, 0558055326,Inferieur_a_Argus
tce 90ch zen 17000 km,2013,17000,13490,Professionnel,Pau,43.3580329,-0.294777, 640000000005590495590629810219,Inferieur_a_Argus
dci 90 business eco²,2013,14768,16990,Professionnel,Mérignac,44.862704,-0.606831, 0556120000,Inferieur_a_Argus
dci 90 energy s&s eco2 intens,2014,23739,18590,Professionnel,Mont-de-Marsan,43.9315799,-0.446253, 0524449118,Superieur_a_Argus
dci intens en stock,2014,10,19490,Professionnel,Sérignac-sur-Garonne,44.2374069,0.5228719, ,Superieur_a_Argus
na,2013,11000,15900,Professionnel,Mugron,43.7619711,-0.712889, 0558977101,Inferieur_a_Argus
dci 90 energy s&s eco2 intens,2014,16157,18500,Professionnel,Pessac,44.822667,-0.602948, 0531081450,Superieur_a_Argus
1.5 dci 90 energy s&s intens eco2,2014,10,19990,Professionnel,Bordeaux,44.9167039,-0.533309, ,Superieur_a_Argus
0.9 tce 90cv zen,2013,14000,14990,Professionnel,Bidart,43.4628428,-1.542137, ,Superieur_a_Argus
na,2014,16000,17000,Particulier,Escource,44.214895,-0.945253, ,Superieur_a_Argus
tce 90 energy s&s eco2 intens,2014,3140,17490,Professionnel,Le Bouscat,44.876744,-0.575697, 0531081574,Superieur_a_Argus
dci 90 energy s&s eco2 intens,2013,21778,17490,Professionnel,Bayonne,43.518909,-1.4172731, 0540017303,Inferieur_a_Argus
essence,2014,12500,16500,Particulier,Le Teich,44.653738,-0.961778, ,Superieur_a_Argus
dci 90 energy intens s&s eco2,2014,3576,17795,Professionnel,Bergerac,44.900083,0.5454889, 0553636565,Superieur_a_Argus
intens s&s 0.9 tce 90cv neuf,2014,10,17290,Professionnel,Bidart,43.4628428,-1.542137, ,Superieur_a_Argus
intense 90 essence,2013,8700,15900,Particulier,Pessac,44.822667,-0.602948, ,Superieur_a_Argus
affaire du mois,2013,27000,16500,Professionnel,Périgueux,45.2138611,0.747362, 05-53-35-64-15,Superieur_a_Argus
dci 90 energy business,2013,29383,16500,Professionnel,Pessac,44.822667,-0.602948, 0531081450,Superieur_a_Argus
dci 90 energy business,2013,20750,16490,Professionnel,Lormont,44.889221,-0.4942701, 0531081576,Superieur_a_Argus
na,2013,63000,14500,Professionnel,Mérignac,44.862704,-0.606831, 0669093874,Inferieur_a_Argus
intens energy dci 90 eco²,2013,21500,18290,Professionnel,Biscarrosse,44.4795521,-1.0292829," 055878
0666",Superieur_a_Argus
intens dci 90 edc eco²,2014,8900,19490,Professionnel,Biscarrosse,44.4795521,-1.0292829," 055878
0666",Superieur_a_Argus
energy business gps 13360 kms,2014,13360,17200,Professionnel,Salignac,45.04737,-0.350416, ,Superieur_a_Argus
1.5 dci 90 energy s&s business eco2,2014,18000,16590,Professionnel,Mourenx,43.3889799,-0.59461, ,Superieur_a_Argus
dci 90 energy intens s&s eco²,2014,10,19290,Professionnel,La Teste-de-Buch,44.704586,-1.1040351, 24538188360556225600,Superieur_a_Argus
dci 90 energy s&s eco2 intens,2014,4633,18490,Professionnel,Bayonne,43.518909,-1.4172731, 0540017303,Superieur_a_Argus
dci 90 business edc,2014,19734,17595,Professionnel,Bergerac,44.900083,0.5454889, 0553636565,Inferieur_a_Argus
tce 90 intens,2014,17897,17490,Professionnel,La Teste-de-Buch,44.704586,-1.1040351, 0557525270,Superieur_a_Argus
dci 90 energy business,2014,20116,16800,Professionnel,Trélissac,45.240666,0.82038, 0634905428,Superieur_a_Argus
intens energy dci 90 ch,2013,28830,15990,Professionnel,Capbreton,43.6583867,-1.391283, 06.25.49.66.53,Inferieur_a_Argus
dci 90 cv intens eco² neuf,2014,10,18950,Professionnel,Le Haillan,44.895544,-0.661307, 05.56.98.77.50,Superieur_a_Argus
dci 90 energy s&s eco2 zen,2014,12377,16890,Professionnel,Mont-de-Marsan,43.9315799,-0.446253, 0524449118,Superieur_a_Argus
dci 90 energy s&s eco2 zen,2013,10541,15900,Professionnel,Pessac,44.822667,-0.602948, 0531081450,Inferieur_a_Argus
intens 1.5dci energy 90cv s&s,2014,20,18690,Professionnel,Bordeaux,44.9167039,-0.533309, 0038-0000550557818910,Superieur_a_Argus
dci 90 energy business s&s eco²,2014,16492,16990,Professionnel,Parentis-en-Born,44.4227691,-0.980415, 0558784350,Superieur_a_Argus
dci 90 energy intens s&s eco²,2014,10,18990,Professionnel,Dax,43.729672,-1.0250811, 0582848036,Superieur_a_Argus
dci 90 energy intens s&s eco²,2013,10,18950,Professionnel,Bayonne,43.518909,-1.4172731, 0535372089,Superieur_a_Argus
dci 90 energy zen s&s eco²,2014,17400,17490,Professionnel,Mérignac,44.862704,-0.606831, 0556132965,Superieur_a_Argus
dci 90 energy zen s&s eco2,2014,11470,16690,Professionnel,Langon,44.5603839,-0.210606, 0556634469,Superieur_a_Argus
dci 90 energy business,2014,19070,16590,Professionnel,Langon,44.5603839,-0.210606, 0556634469,Superieur_a_Argus
tce 120 zen edc,2014,5496,16991,Professionnel,Lormont,44.889221,-0.4942701, 0531081576,Superieur_a_Argus
dci 90 energy business,2014,19459,16490,Professionnel,Dax,43.729672,-1.0250811, 0524449901,Superieur_a_Argus
dci 90 energy business,2014,8650,17900,Professionnel,Pau,43.3580329,-0.294777, 0547200024,Superieur_a_Argus
dci 90 energy s&s eco2 zen,2014,4580,17890,Professionnel,Le Bouscat,44.876744,-0.575697, 0531081574,Superieur_a_Argus
dci 90 energy surequipé pack techno,2014,17000,19400,Particulier,Port-Sainte-Foy-et-Ponchapt,44.912244,0.243641, ,Superieur_a_Argus
intense tce 90cv 2013,2013,13000,14200,Particulier,Hendaye,43.384846,-1.732953, 0686415358,Inferieur_a_Argus
dci 90 energy business,2014,19993,16795,Professionnel,Bergerac,44.900083,0.5454889, 0553636565,Superieur_a_Argus
dci 90 energy s&s eco2 zen,2014,7535,17990,Professionnel,Villenave-d'Ornon,44.805701,-0.511394, 0531081640,Superieur_a_Argus
zen energy dci,2013,13500,16190,Particulier,Léognan,44.763385,-0.560967, ,Superieur_a_Argus
tce 120 zen edc,2014,770,18590,Professionnel,Lormont,44.889221,-0.4942701, 0531081576,Superieur_a_Argus
dci 90 energy s&s eco2 intens,2014,10683,18500,Professionnel,Pessac,44.822667,-0.602948, 0531081450,Superieur_a_Argus
dci 90 energy intens s&s eco²,2013,25997,16990,Professionnel,Orthez,43.5331029,-0.716113, 0559387915,Inferieur_a_Argus
dci 90 energy s&s eco2 zen,2014,16768,16500,Professionnel,Pessac,44.822667,-0.602948, 0531081450,Superieur_a_Argus
dci 90 energy zen s&s eco2,2014,50,18790,Professionnel,Mouguerre,43.491513,-1.3650149, ,Superieur_a_Argus
intens 1.5 dci 90 energy,2014,1190,19500,Professionnel,Pau,43.3580329,-0.294777, 0559028670,Superieur_a_Argus
dci 90 energy business,2013,24896,15500,Professionnel,Pau,43.3580329,-0.294777, 0547200024,Inferieur_a_Argus
dci 90 energy s&s eco2 intens,2014,19500,18490,Professionnel,Dax,43.729672,-1.0250811, 0524449901,Superieur_a_Argus
dci 90 energy business,2014,21000,17990,Professionnel,Dax,43.729672,-1.0250811, 0524449901,Superieur_a_Argus
dci 90 energy s&s eco2 intens,2014,18500,18490,Professionnel,Dax,43.729672,-1.0250811, 0524449901,Superieur_a_Argus
dci 90 intens edc,2014,6703,19800,Professionnel,Trélissac,45.240666,0.82038, 0634905428,Superieur_a_Argus
dci 90 intens+camera neuf -18%stock,2014,1,18490,Professionnel,Mérignac,44.862704,-0.606831, 0676528245,Superieur_a_Argus
tce 120 intens edc,2013,16670,17500,Professionnel,Oloron-Sainte-Marie,43.249993,-0.501025, 0531081516,Inferieur_a_Argus
dci 90 energy s&s eco2 intens,2014,12839,17890,Professionnel,Le Bouscat,44.876744,-0.575697, 0531081574,Superieur_a_Argus
dci 90 energy s&s eco2 intens,2014,22747,17890,Professionnel,Le Bouscat,44.876744,-0.575697, 0531081574,Superieur_a_Argus
dci 90 intens + options 2014 5 km,2014,5,18990,Professionnel,Saint-Paul-lès-Dax,43.785051,-1.0199329, ,Superieur_a_Argus
1.5 dci 90cv intense neuve,2014,10,17900,Professionnel,Bidart,43.4628428,-1.542137, ,Superieur_a_Argus
dci 90 energy business,2014,19993,16795,Professionnel,Bergerac,44.900083,0.5454889, ,Superieur_a_Argus
dci 90 intens garantie,2013,11000,20490,Professionnel,Mérignac,44.862704,-0.606831, 05572158310659095436,Superieur_a_Argus
dci 90 energy business s&s eco²,2014,24353,14500,Professionnel,Mérignac,44.862704,-0.606831, 0825809109,Inferieur_a_Argus
dci 90 energy business s&s eco²,2014,18013,15000,Professionnel,Mérignac,44.862704,-0.606831, 06982887010825809109,Inferieur_a_Argus
dci 90 energy business s&s eco²,2014,19520,14800,Professionnel,Mérignac,44.862704,-0.606831, 0825809109,Inferieur_a_Argus
dci 90 energy business s&s eco²,2014,18144,15000,Professionnel,Uzein,43.424081,-0.4098561, 05593316380825809109,Inferieur_a_Argus
dci 90 energy business s&s eco²,2014,22000,15200,Professionnel,Mérignac,44.862704,-0.606831, 06085598980825809109,Inferieur_a_Argus
dci 90 energy intens s&s eco²,2014,10,19390,Professionnel,Lormont,44.889221,-0.4942701, 05.82.84.82.370582848237,Superieur_a_Argus
dci 90 energy intens s&s eco²,2014,10,19390,Professionnel,Lormont,44.889221,-0.4942701, 05.82.84.82.370582848237,Superieur_a_Argus
dci 90 energy intens s&s eco²,2014,10,19390,Professionnel,Lormont,44.889221,-0.4942701, 05.82.84.82.370582848237,Superieur_a_Argus
dci 90 energy intens s&s eco²,2014,10,19390,Professionnel,Lormont,44.889221,-0.4942701, 05.82.84.82.3725399122990582848237,Superieur_a_Argus
dci 90 energy intens s&s eco²,2014,10,19490,Professionnel,Boé,44.1932421,0.685388, 05.53.68.49.3127775103800553684931,Superieur_a_Argus
dci 90 energy intens s&s eco²,2014,10,18990,Professionnel,Lormont,44.889221,-0.4942701, 05.82.84.82.370582848237,Superieur_a_Argus
dci 90ch état neuf,2013,38000,15500,Particulier,Mussidan,45.042343,0.378895, ,Inferieur_a_Argus
dci 90 energy intens s&s eco²,2014,10,19490,Professionnel,Boé,44.1932421,0.685388, 05.53.68.49.3127774176120553684931,Superieur_a_Argus
dci 90 energy intens s&s eco²,2014,11000,18290,Professionnel,Lormont,44.889221,-0.4942701, 05.82.84.82.370582848237,Superieur_a_Argus
intens energy dci 90 eco2,2013,9500,17500,Particulier,Agen,44.223818,0.6577889, 05.53.66.89.4906.37.33.41.42,Inferieur_a_Argus
dci 90 energy zen s&s eco²,2014,20850,15990,Professionnel,Saint-Sever,43.7990129,-0.479087, 0558055326,Inferieur_a_Argus
tce 90ch zen 17000 km,2013,17000,13490,Professionnel,Pau,43.3580329,-0.294777, 640000000005590495590629810219,Inferieur_a_Argus
dci 90 business eco²,2013,14768,16990,Professionnel,Mérignac,44.862704,-0.606831, 0556120000,Inferieur_a_Argus
dci 90 energy s&s eco2 intens,2014,23739,18590,Professionnel,Mont-de-Marsan,43.9315799,-0.446253, 0524449118,Superieur_a_Argus
dci intens en stock,2014,10,19490,Professionnel,Sérignac-sur-Garonne,44.2374069,0.5228719, ,Superieur_a_Argus
na,2013,11000,15900,Professionnel,Mugron,43.7619711,-0.712889, 0558977101,Inferieur_a_Argus
dci 90 energy s&s eco2 intens,2014,16157,18500,Professionnel,Pessac,44.822667,-0.602948, 0531081450,Superieur_a_Argus
1.5 dci 90 energy s&s intens eco2,2014,10,19990,Professionnel,Bordeaux,44.9167039,-0.533309, ,Superieur_a_Argus
0.9 tce 90cv zen,2013,14000,14990,Professionnel,Bidart,43.4628428,-1.542137, ,Superieur_a_Argus
na,2014,16000,17000,Particulier,Escource,44.214895,-0.945253, ,Superieur_a_Argus
tce 90 energy s&s eco2 intens,2014,3140,17490,Professionnel,Le Bouscat,44.876744,-0.575697, 0531081574,Superieur_a_Argus
dci 90 energy s&s eco2 intens,2013,21778,17490,Professionnel,Bayonne,43.518909,-1.4172731, 0540017303,Inferieur_a_Argus
essence,2014,12500,16500,Particulier,Le Teich,44.653738,-0.961778, ,Superieur_a_Argus
dci 90 energy intens s&s eco2,2014,3576,17795,Professionnel,Bergerac,44.900083,0.5454889, 0553636565,Superieur_a_Argus
intens s&s 0.9 tce 90cv neuf,2014,10,17290,Professionnel,Bidart,43.4628428,-1.542137, ,Superieur_a_Argus
intense 90 essence,2013,8700,15900,Particulier,Pessac,44.822667,-0.602948, ,Superieur_a_Argus
affaire du mois,2013,27000,16500,Professionnel,Périgueux,45.2138611,0.747362, 05-53-35-64-15,Superieur_a_Argus
dci 90 energy business,2013,29383,16500,Professionnel,Pessac,44.822667,-0.602948, 0531081450,Superieur_a_Argus
dci 90 energy business,2013,20750,16490,Professionnel,Lormont,44.889221,-0.4942701, 0531081576,Superieur_a_Argus
na,2013,63000,14500,Professionnel,Mérignac,44.862704,-0.606831, 0669093874,Inferieur_a_Argus
intens energy dci 90 eco²,2013,21500,18290,Professionnel,Biscarrosse,44.4795521,-1.0292829," 055878
0666",Superieur_a_Argus
intens dci 90 edc eco²,2014,8900,19490,Professionnel,Biscarrosse,44.4795521,-1.0292829," 055878
0666",Superieur_a_Argus
energy business gps 13360 kms,2014,13360,17200,Professionnel,Salignac,45.04737,-0.350416, ,Superieur_a_Argus
1.5 dci 90 energy s&s business eco2,2014,18000,16590,Professionnel,Mourenx,43.3889799,-0.59461, ,Superieur_a_Argus
dci 90 energy intens s&s eco²,2014,10,19290,Professionnel,La Teste-de-Buch,44.704586,-1.1040351, 24538188360556225600,Superieur_a_Argus
dci 90 energy s&s eco2 intens,2014,4633,18490,Professionnel,Bayonne,43.518909,-1.4172731, 0540017303,Superieur_a_Argus
dci 90 business edc,2014,19734,17595,Professionnel,Bergerac,44.900083,0.5454889, 0553636565,Inferieur_a_Argus
tce 90 intens,2014,17897,17490,Professionnel,La Teste-de-Buch,44.704586,-1.1040351, 0557525270,Superieur_a_Argus
dci 90 energy business,2014,20116,16800,Professionnel,Trélissac,45.240666,0.82038, 0634905428,Superieur_a_Argus
intens energy dci 90 ch,2013,28830,15990,Professionnel,Capbreton,43.6583867,-1.391283, 06.25.49.66.53,Inferieur_a_Argus
dci 90 cv intens eco² neuf,2014,10,18950,Professionnel,Le Haillan,44.895544,-0.661307, 05.56.98.77.50,Superieur_a_Argus
dci 90 energy s&s eco2 zen,2014,12377,16890,Professionnel,Mont-de-Marsan,43.9315799,-0.446253, 0524449118,Superieur_a_Argus
dci 90 energy s&s eco2 zen,2013,10541,15900,Professionnel,Pessac,44.822667,-0.602948, 0531081450,Inferieur_a_Argus
intens 1.5dci energy 90cv s&s,2014,20,18690,Professionnel,Bordeaux,44.9167039,-0.533309, 0038-0000550557818910,Superieur_a_Argus
dci 90 energy business s&s eco²,2014,16492,16990,Professionnel,Parentis-en-Born,44.4227691,-0.980415, 0558784350,Superieur_a_Argus
dci 90 energy intens s&s eco²,2014,10,18990,Professionnel,Dax,43.729672,-1.0250811, 0582848036,Superieur_a_Argus
dci 90 energy intens s&s eco²,2013,10,18950,Professionnel,Bayonne,43.518909,-1.4172731, 0535372089,Superieur_a_Argus
dci 90 energy zen s&s eco²,2014,17400,17490,Professionnel,Mérignac,44.862704,-0.606831, 0556132965,Superieur_a_Argus
dci 90 energy zen s&s eco2,2014,11470,16690,Professionnel,Langon,44.5603839,-0.210606, 0556634469,Superieur_a_Argus
dci 90 energy business,2014,19070,16590,Professionnel,Langon,44.5603839,-0.210606, 0556634469,Superieur_a_Argus
tce 120 zen edc,2014,5496,16991,Professionnel,Lormont,44.889221,-0.4942701, 0531081576,Superieur_a_Argus
dci 90 energy business,2014,19459,16490,Professionnel,Dax,43.729672,-1.0250811, 0524449901,Superieur_a_Argus
dci 90 energy business,2014,8650,17900,Professionnel,Pau,43.3580329,-0.294777, 0547200024,Superieur_a_Argus
dci 90 energy s&s eco2 zen,2014,4580,17890,Professionnel,Le Bouscat,44.876744,-0.575697, 0531081574,Superieur_a_Argus
dci 90 energy surequipé pack techno,2014,17000,19400,Particulier,Port-Sainte-Foy-et-Ponchapt,44.912244,0.243641, ,Superieur_a_Argus
intense tce 90cv 2013,2013,13000,14200,Particulier,Hendaye,43.384846,-1.732953, 0686415358,Inferieur_a_Argus
dci 90 energy business,2014,19993,16795,Professionnel,Bergerac,44.900083,0.5454889, 0553636565,Superieur_a_Argus
dci 90 energy s&s eco2 zen,2014,7535,17990,Professionnel,Villenave-d'Ornon,44.805701,-0.511394, 0531081640,Superieur_a_Argus
zen energy dci,2013,13500,16190,Particulier,Léognan,44.763385,-0.560967, ,Superieur_a_Argus
tce 120 zen edc,2014,770,18590,Professionnel,Lormont,44.889221,-0.4942701, 0531081576,Superieur_a_Argus
dci 90 energy s&s eco2 intens,2014,10683,18500,Professionnel,Pessac,44.822667,-0.602948, 0531081450,Superieur_a_Argus
dci 90 energy intens s&s eco²,2013,25997,16990,Professionnel,Orthez,43.5331029,-0.716113, 0559387915,Inferieur_a_Argus
dci 90 energy s&s eco2 zen,2014,16768,16500,Professionnel,Pessac,44.822667,-0.602948, 0531081450,Superieur_a_Argus
dci 90 energy zen s&s eco2,2014,50,18790,Professionnel,Mouguerre,43.491513,-1.3650149, ,Superieur_a_Argus
intens 1.5 dci 90 energy,2014,1190,19500,Professionnel,Pau,43.3580329,-0.294777, 0559028670,Superieur_a_Argus
dci 90 energy business,2013,24896,15500,Professionnel,Pau,43.3580329,-0.294777, 0547200024,Inferieur_a_Argus
dci 90 energy s&s eco2 intens,2014,19500,18490,Professionnel,Dax,43.729672,-1.0250811, 0524449901,Superieur_a_Argus
dci 90 energy business,2014,21000,17990,Professionnel,Dax,43.729672,-1.0250811, 0524449901,Superieur_a_Argus
dci 90 energy s&s eco2 intens,2014,18500,18490,Professionnel,Dax,43.729672,-1.0250811, 0524449901,Superieur_a_Argus
dci 90 intens edc,2014,6703,19800,Professionnel,Trélissac,45.240666,0.82038, 0634905428,Superieur_a_Argus
dci 90 intens+camera neuf -18%stock,2014,1,18490,Professionnel,Mérignac,44.862704,-0.606831, 0676528245,Superieur_a_Argus
tce 120 intens edc,2013,16670,17500,Professionnel,Oloron-Sainte-Marie,43.249993,-0.501025, 0531081516,Inferieur_a_Argus
dci 90 energy s&s eco2 intens,2014,12839,17890,Professionnel,Le Bouscat,44.876744,-0.575697, 0531081574,Superieur_a_Argus
dci 90 energy s&s eco2 intens,2014,22747,17890,Professionnel,Le Bouscat,44.876744,-0.575697, 0531081574,Superieur_a_Argus
