indx,City,Kms,Lat,Lon,Model,PCode,Phone,Price,User,Year,Argus,cCher
0,Isles-lès-Villenoy,10,48.911358,2.8281139,Renault Captur 1.5 dCi FAP Energy 90ch INTENS M/5,77450,0184141900,19840,Pro,2014,17700.0,True
1,Massy,14697,48.730756,2.27137,Renault captur dci / gtie 1 an voire 2 ans P&M,91300,[],15200,Pro,2013,18300.0,False
2,Massy,13799,48.730756,2.27137,RENAULT Captur dci / gtie 1 an voire 2 ans p&m,91300,[],14500,Pro,2013,18300.0,False
3,Isles-lès-Villenoy,10,48.911358,2.8281139,Renault Captur 1.2 TCe 120ch INTENS EDC/6,77450,0184141900,19640,Pro,2014,17800.0,True
4,Thiais,10,48.760344,2.387405,Renault Captur Intens dCi 90 EDC,94320,0175834788,20602,Pro,2014,17500.0,True
5,Thiais,10,48.760344,2.387405,Renault Captur Intens TCe 90,94320,0175834788,17560,Pro,2014,15500.0,True
6,Athis-Mons,16000,48.7092979,2.38479,Renault captur,91200,[],11990,Pro,2013,16100.0,False
7,Paris,21754,48.856614,2.3522219,Renault Captur dCi 90 Energy Business S&S eco²,75010,0825809109,14500,Pro,2014,16100.0,False
8,Paris,15269,48.856614,2.3522219,Renault Captur dCi 90 Energy Business S&S eco²,75012,0825809109,14800,Pro,2014,16100.0,False
9,Orly,14697,48.745193,2.401373,Renault Captur dCi 90 Energy Business S&S eco²,94310,0825809109,14800,Pro,2014,16100.0,False
10,Paris,28670,48.856614,2.3522219,Renault Captur dCi 90 Energy Business S&S eco²,75012,0825809109,14200,Pro,2014,16100.0,False
11,Chessy,17370,48.8784616,2.7657959,Renault Captur dCi 90 Energy Business S&S eco²,77700,0825809109,14800,Pro,2014,16100.0,False
12,Malakoff,20026,48.817275,2.2977599,Renault Captur dCi 90 Energy Business S&S eco²,92240,0781679569,14500,Pro,2014,16100.0,False
13,Nanterre,26412,48.892423,2.215331,Renault Captur dCi 90 Energy Business S&S eco²,92000,0825809109,13600,Pro,2013,16100.0,False
14,Montigny-le-Bretonneux,15069,48.7738734,2.0360157,Renault Captur dCi 90 Energy Business S&S eco²,78180,0825809109,14800,Pro,2014,16100.0,False
15,Roissy-en-France,19247,49.00363,2.516978,Renault Captur dCi 90 Energy Business S&S eco²,95700,0825809109,14800,Pro,2014,16100.0,False
16,Orly,11688,48.745193,2.401373,Renault Captur dCi 90 Energy Business S&S eco²,94310,0825809109,14700,Pro,2014,16100.0,False
17,Pontoise,20800,49.050966,2.100645,Renault Captur dCi 90 Energy Business S&S eco²,95000,0825809109,14500,Pro,2014,16100.0,False
18,Roissy-en-France,28282,49.00363,2.516978,Renault Captur dCi 90 Energy Business S&S eco²,95700,0825809109,14200,Pro,2014,16100.0,False
19,Montigny-le-Bretonneux,12561,48.7738734,2.0360157,Renault Captur dCi 90 Energy Business S&S eco²,78180,0825809109,14000,Pro,2013,16100.0,False
20,Le Blanc-Mesnil,19211,48.941345,2.46436,Renault Captur dCi 90 Energy Business S&S eco²,93150,0825809109,14800,Pro,2014,16100.0,False
21,Le Blanc-Mesnil,29060,48.941345,2.46436,Renault Captur dCi 90 Energy Business S&S eco²,93150,0155811021,14400,Pro,2014,16100.0,False
22,Pontoise,15892,49.050966,2.100645,Renault Captur dCi 90 Energy Business S&S eco²,95000,0825809109,14800,Pro,2014,16100.0,False
23,Orly,23398,48.745193,2.401373,Renault Captur dCi 90 Energy Business S&S eco²,94310,0825809109,13900,Pro,2013,16100.0,False
24,Paris,14571,48.856614,2.3522219,Renault Captur dCi 90 Energy Business S&S eco²,75010,0825809109,14800,Pro,2014,16100.0,False
25,Montigny-le-Bretonneux,15607,48.7738734,2.0360157,Renault Captur dCi 90 Energy Business S&S eco²,78180,0825809109,14800,Pro,2014,16100.0,False
26,Orly,19172,48.745193,2.401373,Renault Captur dCi 90 Energy Business S&S eco²,94310,0825809109,14800,Pro,2014,16100.0,False
27,Roissy-en-France,16521,49.00363,2.516978,Renault Captur dCi 90 Energy Business S&S eco²,95700,0825809109,14800,Pro,2014,16100.0,False
28,Clichy,24018,48.904526,2.304768,Renault Captur dCi 90 Energy Business S&S eco²,92110,0825809109,14500,Pro,2014,16100.0,False
29,Colombes,23289,48.9220615,2.2533313,Renault Captur dCi 90 Energy Business S&S eco²,92700,0825809109,13900,Pro,2013,16100.0,False
30,Paris,14000,48.856614,2.3522219,Renault Captur dCi 90 Energy Business S&S eco²,75008,0825809109,14800,Pro,2014,16100.0,False
31,Montigny-le-Bretonneux,29246,48.7738734,2.0360157,Renault Captur dCi 90 Energy Business S&S eco²,78180,0825809109,14200,Pro,2014,16100.0,False
32,Clichy,20966,48.904526,2.304768,Renault Captur dCi 90 Energy Business S&S eco²,92110,0825809109,14500,Pro,2014,16100.0,False
33,Thiais,10,48.760344,2.387405,Renault Captur Helly Hansen dCi 90,94320,0175834788,19900,Pro,2014,18300.0,True
34,Orly,16351,48.745193,2.401373,Renault Captur dCi 90 Energy Business S&S eco²,94310,0825809109,14800,Pro,2014,16100.0,False
35,Orly,13461,48.745193,2.401373,Renault Captur dCi 90 Energy Business S&S eco²,94310,0825809109,14800,Pro,2014,16100.0,False
36,Thiais,10,48.760344,2.387405,Renault Captur Zen dCi 90 EDC+ Stock Paris-Orly,94320,0175834788,18789,Pro,2014,16000.0,True
37,Montigny-le-Bretonneux,18108,48.7738734,2.0360157,Renault Captur dCi 90 Energy Business S&S eco²,78180,0825809109,14800,Pro,2014,16100.0,False
38,Le Blanc-Mesnil,16596,48.941345,2.46436,Renault Captur dCi 90 Energy Business S&S eco²,93150,0155811021,15000,Pro,2014,16100.0,False
39,Bobigny,29000,48.908612,2.439712,Renault Captur dCi 90 Energy Business S&S eco²,93000,0825809109,13600,Pro,2013,16100.0,False
40,Pontoise,12409,49.050966,2.100645,Renault Captur dCi 90 Energy Business S&S eco²,95000,0825809109,14800,Pro,2014,16100.0,False
41,Ivry-sur-Seine,19707,48.813055,2.38822,Renault Captur dCi 90 Energy Business S&S eco²,94200,0825809109,14800,Pro,2014,16100.0,False
42,Orly,12870,48.745193,2.401373,Renault Captur dCi 90 Energy Business S&S eco²,94310,0825809109,14800,Pro,2014,16100.0,False
43,Thiais,10,48.760344,2.387405,Renault Captur Intens dCi 90 EDC,94320,0175834788,20602,Pro,2014,17500.0,True
44,Saint-Rémy-lès-Chevreuse,8900,48.7025751,2.0696133,RENAULT CAPTUR Intens Energy dCi 90 S&S camera,78470,[],17990,Par,2014,17700.0,True
45,Valenton,10,48.749736,2.459965,Renault Captur DCI 90 ENERGY INTENS S&S,94460,0176471772,18990,Pro,2014,17700.0,True
46,Paris,1,48.856614,2.3522219,Renault Captur DCI90 ENER. S/S SL H.H 0KM,75002,0476523234,19990,Pro,-1,16100.0,True
47,Levallois-Perret,16500,48.893217,2.287864,Renault Captur,92300,[],14000,Par,2013,16100.0,False
48,Versailles,4000,48.801408,2.130122,Captur Zen avec GPS,78000,[],15500,Par,2014,14200.0,True
49,Vitry-sur-Seine,20992,48.792001,2.39851,Renault Captur TCe 120 Intens EDC,94400,0811708090,16590,Pro,2013,17800.0,False
50,Mantes-la-Jolie,5000,48.989323,1.714958,Renault Captur 1.5 DCI,78200,[],18900,Par,2014,18300.0,True
51,Dourdan,10,48.529171,2.0152549,RENAULT CAPTUR INTENS EDC 120 + caméra de recul,91410,[],20500,Pro,2014,17800.0,True
52,Dourdan,4058,48.529171,2.0152549,RENAULT CAPTUR INTENS DCI 90 avec caméra de recul,91410,[],18990,Pro,2014,17700.0,True
53,Guyancourt,1800,48.762895,2.075323,Renault CAPTUR Intens dCi 90 cv Orange/Ivoire 2014,78280,[],20300,Par,2014,17700.0,True
54,Maurepas,10,48.7623589,1.945326,Renault captur dci 90 intens camera stock,78310,[],18490,Pro,2014,17700.0,True
55,Maurepas,10,48.7623589,1.945326,Renault captur tce 90 intens garantie 4 ans stock,78310,[],17490,Pro,2014,15500.0,True
56,Vitry-sur-Seine,7933,48.792001,2.39851,Renault Captur dCi 90 Energy Intens S&S eco²,94400,0811708090,18490,Pro,2013,17700.0,True
57,Saclay,5950,48.73668,2.180034,Renault captur,91400,[],17900,Par,2014,16100.0,True
58,Joinville-le-Pont,21883,48.821267,2.472043,Renault Captur TCE 90 INTENS,94340,0142836847,15900,Pro,2014,15500.0,True
59,Isles-lès-Villenoy,10,48.911358,2.8281139,Renault Captur 1.2 TCe 120ch INTENS EDC/6,77450,0184141900,19640,Pro,2014,17800.0,True
60,Isles-lès-Villenoy,10,48.911358,2.8281139,Renault Captur 1.2 TCe 120ch INTENS EDC/6,77450,0184141900,19640,Pro,2014,17800.0,True
61,Isles-lès-Villenoy,10,48.911358,2.8281139,Renault Captur 1.2 TCe 120ch INTENS EDC/6,77450,0184141900,19210,Pro,2014,17800.0,True
62,Isles-lès-Villenoy,4000,48.911358,2.8281139,Renault Captur 1.2 TCe 120ch INTENS EDC/6,77450,0184141900,18870,Pro,2014,17800.0,True
63,Isles-lès-Villenoy,10,48.911358,2.8281139,Renault Captur 1.2 TCe 120ch INTENS EDC/6,77450,0184141900,19640,Pro,2014,17800.0,True
64,Isles-lès-Villenoy,10,48.911358,2.8281139,Renault Captur 1.2 TCe 120ch INTENS EDC/6,77450,0184141900,19640,Pro,2014,17800.0,True
65,Chelles,15000,48.877535,2.59016,Renault Captur dCi 90 Intens EDC,77500,0677372750,20300,Pro,2014,17500.0,True
66,Chelles,9900,48.877535,2.59016,Renault Captur dCi 90 Energy Intens S&S eco2,77500,0677372750,19600,Pro,2014,17700.0,True
67,Chelles,15000,48.877535,2.59016,Renault Captur dCi 90 Energy Zen S&S eco2,77500,0677372750,17800,Pro,2014,16000.0,True
68,Isles-lès-Villenoy,10,48.911358,2.8281139,Renault Captur 1.2 TCe 120ch INTENS EDC/6,77450,0184141900,19640,Pro,2014,17800.0,True
69,Isles-lès-Villenoy,10,48.911358,2.8281139,Renault Captur 1.2 TCe 120ch INTENS EDC/6,77450,0184141900,19440,Pro,2014,17800.0,True
70,Gentilly,7400,48.8138999,2.344688,Renault Captur 1.2 TCe 120 Intens EDC R,94250,[],17400,Pro,2013,17800.0,False
71,Chelles,7742,48.877535,2.59016,Renault Captur TCe 120 Intens EDC,77500,0677372750,18900,Pro,2014,17800.0,True
72,Chelles,6999,48.877535,2.59016,Renault Captur dCi 90 Energy S&S eco2 Intens,77500,0677372750,18900,Pro,2014,17700.0,True
73,Saint-Jean-les-Deux-Jumeaux,100,48.9514039,3.018301,Renault Captur DCI 90 NEUF,77660,[],16390,Pro,2014,18300.0,False
74,Saint-Jean-les-Deux-Jumeaux,24200,48.9514039,3.018301,Renault Captur Business DCI 90,77660,[],16980,Pro,2013,17600.0,False
75,Corbeil-Essonnes,14900,48.6102599,2.474805,Renault captur DCI 90 cv intens eco2 noir gps,91100,[],15900,Pro,2013,17700.0,False
76,Etampes,9000,48.434416,2.16142,Renault Captur INTENSE DCI 90CV,91150,[],16990,Pro,2013,18300.0,False
77,Chatou,10,48.896391,2.160098,Renault Captur TCe 90 Energy S&S eco2 Zen,78400,0130157765,17300,Pro,2014,14200.0,True
78,Brétigny-sur-Orge,20500,48.611486,2.30604,Renault captur 1.5 dci 90 zen eco2,91220,[],16300,Par,2013,16000.0,True
79,Samoreau,3098,48.423454,2.754079,Renault Captur dCi 90 Energy Zen S&S eco2,77210,0164239675,17700,Pro,2014,16000.0,True
80,Montrouge,18932,48.816363,2.317384,Renault Captur 1.5 DCI 90 BUSINESS EDC,92120,0142531111,17880,Pro,2014,17600.0,True
81,Paris,17670,48.856614,2.3522219,Renault Captur dCi 90 Energy Business S&S eco²,75012,0144740871,15990,Pro,2014,16100.0,False
82,Boulogne-Billancourt,22880,48.8396952,2.2399123,Renault Captur DCI 90 ENERGY BUSINESS,92100,0174037256,16790,Pro,2014,16100.0,True
83,Thiais,10,48.760344,2.387405,Renault Captur TCE 120 INTENS EDC,94320,0141734040,19372,Pro,2014,17800.0,True
84,Paris,10,48.856614,2.3522219,Renault Captur TCE 90 ENERGY LIFE S&S ECO²,75116,0140709104,14800,Pro,2014,12700.0,True
85,Coulommiers,24500,48.813071,3.083497,Renault captur intens tce 120 eds,77120,[],16300,Pro,2013,17800.0,False
86,Levallois-Perret,11,48.893217,2.287864,Renault captur 1.5 dci 90 intens edc neuve,92300,[],20500,Pro,2014,17500.0,True
87,Paris,5576,48.856614,2.3522219,Renault Captur TCe 90 Energy Intens S&S eco²,75012,0144740871,16500,Pro,2014,15500.0,True
88,Bois-Colombes,12150,48.917402,2.269675,Renault captur 1.5 dci 90 energy s&s intens eco2,92270,[],15999,Pro,2013,17700.0,False
89,Bois-d'Arcy,6700,48.80598,2.022188,RENAULT CAPTUR ZEN IVOIRE TOIT NOIR TCE 90 eco2,78390,[],15790,Par,2014,14200.0,True
90,Conflans-Sainte-Honorine,7600,49.000275,2.09178,Renault captur,78700,[],18400,Par,2014,16100.0,True
91,Limay,3000,48.992181,1.735384,RENAULT Captur zen 90 tce,78520,[],15300,Par,2014,14200.0,True
92,Orgeval,21780,48.918524,1.96978,Renault Captur dCi 90 Energy S&S eco2 Intens,78630,0139754280,17480,Pro,2014,17700.0,False
93,Isles-lès-Villenoy,7000,48.911358,2.8281139,Renault Captur 1.5 dCi FAP Energy 90ch ZEN M/5,77450,0184141900,16970,Pro,2014,16000.0,True
94,Isles-lès-Villenoy,1000,48.911358,2.8281139,Renault Captur 0.9 TCe Energy 90ch INTENS M/5,77450,0184141900,17240,Pro,2014,15500.0,True
95,Thiais,10,48.760344,2.387405,Renault Captur Intens dCi 90 EDC,94320,0175834788,20602,Pro,2014,17500.0,True
96,Ballancourt-sur-Essonne,5000,48.524552,2.388169,Renault Captur Intens dCi 90,91610,[],18800,Par,2014,17700.0,True
97,Boulogne-Billancourt,8949,48.8396952,2.2399123,Renault Captur DCI 90 ENERGY S&S ECO2 ZEN,92100,0174037256,17490,Pro,2014,16000.0,True
98,Brie-Comte-Robert,6105,48.6912267,2.6103697,Renault Captur TCe 90 Energy Zen S&S eco2,77170,0160625056,14390,Pro,2013,14200.0,True
99,Boulogne-Billancourt,3631,48.8396952,2.2399123,Renault Captur DCI 90 ENERGY S&S ECO2 ZEN,92100,0174037256,17990,Pro,2014,16000.0,True
100,Pontoise,9000,49.050966,2.100645,Renault Captur Intens Energy DCi 90 ivoire /noire,95000,[],18500,Par,2014,17700.0,True
101,Neauphle-le-Vieux,4500,48.814745,1.863168,RENAULT CAPTUR INTENS Energy dCi90 Gris & Orange,78640,[],17600,Par,2014,15500.0,True
102,Maurepas,5,48.7623589,1.945326,Renault captur dci 90 EDC intens neuf,78310,[],19890,Pro,2014,17500.0,True
103,Les Pavillons-sous-Bois,9500,48.90852,2.504403,Renault Captur dCi 90 Energy Zen S&S eco²,93320,0667277157,17880,Pro,2014,16000.0,True
104,Noisiel,1519,48.85478,2.628701,Renault Captur,77186,0160059293,17900,Pro,2014,16100.0,True
105,Isles-lès-Villenoy,10,48.911358,2.8281139,Renault Captur 1.5 dCi FAP Energy 90ch INTENS M/5,77450,0184141900,19640,Pro,2014,17700.0,True
106,Argenteuil,2874,48.9472096,2.2466847,Renault Captur dCi 90 Energy Zen S&S eco²,95100,0178769520,18990,Pro,2014,16000.0,True
107,Noisiel,1,48.85478,2.628701,Renault Captur dCi 90 Energy S&S eco2 Zen 5P,77186,0160059293,18900,Pro,2014,16000.0,True
108,Paris,16728,48.856614,2.3522219,Renault Captur dCi 90 Energy Business S&S eco²,75012,0144740871,15990,Pro,2014,16100.0,False
109,Melun,6234,48.542105,2.6554,Renault Captur TCe 90 Energy S&S eco2 Intens,77000,0615872883,15980,Pro,2014,15500.0,True
110,Paris,3365,48.856614,2.3522219,Renault Captur DCI 90 ENERGY ZEN S&S ECO²,75006,0146348425,17900,Pro,2013,16000.0,True
111,Conflans-Sainte-Honorine,11963,49.000275,2.09178,Renault Captur dCi 90 Energy S&S eco2 Zen,78700,0139192136,16900,Pro,2014,16000.0,True
112,Boulogne-Billancourt,5396,48.8396952,2.2399123,Renault Captur DCI 90 ENERGY S&S ECO2 INTENS,92100,0174037256,18390,Pro,2014,17700.0,True
113,Sartrouville,2,48.941106,2.158431,Renault Captur,78500,0139145454,19380,Pro,2014,16100.0,True
114,Paris,16436,48.856614,2.3522219,Renault Captur dCi 90 Energy Business S&S eco²,75012,0144740871,16490,Pro,2013,16100.0,True
115,Brie-Comte-Robert,624,48.6912267,2.6103697,Renault Captur dCi 90 Energy S&S eco2 Intens,77170,0160625056,18490,Pro,2014,17700.0,True
116,Paris,7987,48.856614,2.3522219,Renault Captur DCI 90 ENERGY S&S ECO2 ZEN,75008,0178455073,17990,Pro,2014,16000.0,True
117,Thiais,10,48.760344,2.387405,Renault Captur Intens dCi 90 EDC,94320,0175834788,20602,Pro,2014,17500.0,True
118,Coignières,60,48.750285,1.916261,Renault Captur dCi 90 Energy Intens S&S eco²,78310,0130502424,19990,Pro,2014,17700.0,True
119,Aulnay-sous-Bois,10300,48.9412151,2.4970711,Renault captur 1.5 dci 90 ch intens bv auto edc,93600,[],18990,Pro,2014,17500.0,True
120,Paris,3900,48.856614,2.3522219,Renault captur serie limitée arizona juin 2014 dci,75001,[],19290,Par,2014,18300.0,True
121,Montrouge,3690,48.816363,2.317384,Renault Captur TCe 120 Zen EDC,92120,0146128847,18290,Pro,2014,16000.0,True
122,Limay,9500,48.992181,1.735384,Renault CAPTUR TCe 120 Intens EDC,78520,[],19190,Pro,2014,17800.0,True
123,Savigny-sur-Orge,4000,48.6851259,2.349282,Captur Intens 120 EDC,91600,[],19000,Par,2014,17800.0,True
124,Sartrouville,17280,48.941106,2.158431,Renault Captur,78500,0139145454,15880,Pro,2013,16100.0,False
125,Noisiel,1,48.85478,2.628701,Renault Captur dCi 90 Intens EDC 5P,77186,0160059293,20900,Pro,2014,17500.0,True
126,Villeneuve-Saint-Georges,3500,48.7305769,2.447488,RENAULT CAPTUR INTENS ENERGY DCi 90 Options,94190,0143828979,18900,Par,2014,17700.0,True
127,Pantin,15898,48.894533,2.40963,Renault Captur DCI 90 ENERGY BUSINESS,93500,0174730257,16990,Pro,2013,16100.0,True
128,Pontoise,19700,49.050966,2.100645,Renault Captur dCi 90 Energy Zen S&S eco²,95300,0624782138,16990,Pro,2014,16000.0,True
129,Brie-Comte-Robert,10,48.6912267,2.6103697,Renault Captur TCe 90 Energy S&S eco2 Zen,77170,0160625056,16890,Pro,2014,14200.0,True
130,Thiais,7,48.760344,2.387405,Renault Captur DCI 90 ZEN EDC ECO²,94320,0141734040,18990,Pro,2014,16200.0,True
131,Isles-lès-Villenoy,10,48.911358,2.8281139,Renault Captur 1.5 dCi FAP Energy 90ch INTENS M/5,77450,0184141900,19640,Pro,2014,17700.0,True
132,Isles-lès-Villenoy,10,48.911358,2.8281139,Renault Captur 1.5 dCi FAP Energy 90ch INTENS M/5,77450,0184141900,19640,Pro,2014,17700.0,True
133,Montrouge,9367,48.816363,2.317384,Renault Captur dCi 90 Energy S&S eco2 Intens,92120,0146128847,18290,Pro,2014,17700.0,True
134,Thoiry,3500,48.865263,1.794903,Voiture SUV RENAULT Captur Intens 120 EDC,78770,[],18500,Par,2014,17800.0,True
135,Créteil,25295,48.790367,2.455572,Renault Captur dCi 90 Energy Zen S&S eco²,94000,0811708090,14980,Pro,2013,16000.0,False
136,Sartrouville,2,48.941106,2.158431,Renault Captur 1.5 DCI 90 INTENS EDC,78500,0139145454,19870,Pro,2014,17500.0,True
137,Noisiel,14958,48.85478,2.628701,Renault Captur TCe 90 Energy S&S eco2 Life 5P,77186,0160059293,14900,Pro,2013,12700.0,True
138,Paris,50,48.856614,2.3522219,Renault Captur DCI 90 INTENS EDC,75011,0174076006,20490,Pro,2014,17500.0,True
139,Isles-lès-Villenoy,10,48.911358,2.8281139,Renault Captur 1.5 dCi FAP Energy 90ch INTENS M/5,77450,0184141900,19770,Pro,2014,17700.0,True
140,Les Ulis,2410,48.6792779,2.16647,Renault Captur dCi 90 Energy Intens S&S eco2,91940,0160926972,19490,Pro,2014,17700.0,True
141,Fresnes,7,48.757205,2.326243,Renault Captur TCE 90 ENERGY S&S ECO2 INTENS,94260,0175448164,17550,Pro,2014,15500.0,True
142,Isles-lès-Villenoy,10,48.911358,2.8281139,Renault Captur 1.5 dCi FAP Energy 90ch INTENS M/5,77450,0184141900,19770,Pro,2014,17700.0,True
143,Mareil-Marly,10,48.882174,2.076817,Renault Captur dCi 90 Energy Intens S&S eco²,78750,0628537072,19990,Pro,2014,17700.0,True
144,Mareil-Marly,10,48.882174,2.076817,Renault Captur dCi 90 Energy Intens S&S eco²,78750,0628537072,19990,Pro,2014,17700.0,True
145,Montrouge,19420,48.816363,2.317384,Renault Captur 1.5 DCI 90 BUSINESS S&S ECO²,92120,0142531111,15890,Pro,2013,16100.0,False
146,Guerville,8200,48.944263,1.735422,CAPTUR INTENS Energy TCe 90 Eco 2,78930,[],16200,Par,2013,15500.0,True
147,Montrouge,13396,48.816363,2.317384,Renault Captur 1.5 DCI 90 BUSINESS S&S ECO²,92120,0142531111,16690,Pro,2014,16100.0,True
148,Aubergenville,6400,48.9591319,1.855891,RENAULT Captur Intens 1.5 dCi,78410,[],18000,Par,2013,17700.0,True
149,Maurepas,10,48.7623589,1.945326,Renault captur dci 90 intens garantie 4 ans dispo,78310,[],18490,Pro,2014,17700.0,True
150,Mantes-la-Ville,8500,48.978154,1.713371,CAPTUR Collaborateur RENAULT,78711,[],17500,Par,2013,16100.0,True
151,Les Ulis,16349,48.6792779,2.16647,Renault Captur dCi 90 Energy S&S eco2 Intens,91940,0160926972,18290,Pro,2014,17700.0,True
152,Vernouillet,6000,48.973699,1.983023,CAPTUR INTENS ENERGY Tce 90 eco²,78540,[],17200,Par,2014,15500.0,True
153,Clamart,10,48.799815,2.257289,Renault Captur,92140,0983484648,16990,Pro,2014,16100.0,True
154,Pantin,16289,48.894533,2.40963,Renault Captur DCI 90 ENERGY BUSINESS,93500,0174730257,16690,Pro,2013,16100.0,True
155,Plaisir,6000,48.817223,1.949075,RENAULT CAPTUR Zen TCe90 + options,78370,[],15500,Par,2014,14200.0,True
156,Les Pavillons-sous-Bois,10,48.90852,2.504403,Renault Captur dCi 90 Energy Intens S&S eco²,93320,0667277157,19990,Pro,2014,17700.0,True
157,Paris,7350,48.856614,2.3522219,Renault Captur DCI 90 INTENS EDC,75008,0178455073,19690,Pro,2014,17500.0,True
158,Paris,11400,48.856614,2.3522219,Renault Captur TCE 120 INTENS EDC,75011,0174076006,17490,Pro,2013,17800.0,False
159,Dampmart,6700,48.885476,2.7362479,Voiture renault,77400,[],14700,Par,2013,16100.0,False
160,Champagne-sur-Oise,23000,49.136089,2.2350979,Renault captur dci,95660,[],16900,Par,2013,18300.0,False
161,Chapet,7500,48.967085,1.933828,CAPTUR INTENS dCI 90 collaborateur Renault,78130,[],16950,Par,2013,17700.0,False
162,Ozoir-la-Ferrière,15000,48.763827,2.671739,Renault Captur Intens TCE 120 EDC,77330,[],17500,Par,2014,17800.0,False
163,Fresnes,8576,48.757205,2.326243,Renault Captur TCE 90 ENERGY S&S ECO2 ZEN,94260,0175448164,15450,Pro,2014,14200.0,True
164,Les Ulis,34608,48.6792779,2.16647,Renault Captur dCi 90 Energy Business S&S eco²,91940,0169754933,14900,Pro,2013,16100.0,False
165,Trappes,35243,48.776731,2.001844,Renault Captur DCI 90 ENERGY S&S ECO2 ZEN,78190,0161123085,13990,Pro,2013,16000.0,False
166,Sartrouville,2,48.941106,2.158431,Renault Captur 1.5 DCI 90 INTENS EDC,78500,0139145454,20780,Pro,2014,17500.0,True
167,Melun,19414,48.542105,2.6554,Renault Captur dCi 90 Energy Business,77000,0615872883,16990,Pro,2014,16100.0,True
168,Nanterre,11440,48.892423,2.215331,Renault Captur dCi 90 Intens EDC,92000,0156837400,18900,Pro,2013,17500.0,True
169,Boulogne-Billancourt,7200,48.8396952,2.2399123,Renault Captur DCI 90 ENERGY S&S ECO2 ZEN,92100,0174037256,17290,Pro,2014,16000.0,True
170,Créteil,1000,48.790367,2.455572,Renault Captur dCi 90 Energy Zen S&S eco²,94000,0811708090,17390,Pro,2014,16000.0,True
171,Vitry-sur-Seine,3256,48.792001,2.39851,Renault Captur dCi 90 Energy Intens S&S eco²,94400,0811708090,18490,Pro,2013,17700.0,True
172,Fontenay-sous-Bois,19980,48.851542,2.475907,Renault Captur dCi 90 Energy Business S&S eco²,94120,0148763773,16890,Pro,2014,16100.0,True
173,Vitry-sur-Seine,7933,48.792001,2.39851,Renault Captur dCi 90 Energy Intens S&S eco²,94400,0811708090,18490,Pro,2013,17700.0,True
174,Fontenay-sous-Bois,19092,48.851542,2.475907,Renault Captur dCi 90 Energy Business S&S eco²,94120,0148763773,16890,Pro,2014,16100.0,True
175,Mareil-Marly,1500,48.882174,2.076817,Renault Captur TCe 90 Energy Intens S&S eco²,78750,0628537072,17990,Pro,2014,15500.0,True
176,Créteil,8500,48.790367,2.455572,Renault Captur dCi 90 Business EDC eco²,94000,0811708090,18290,Pro,2014,17600.0,True
177,Montrouge,26145,48.816363,2.317384,Renault Captur 1.5 DCI 90 BUSINESS S&S ECO²,92120,0142531111,15380,Pro,2013,16100.0,False
178,Montrouge,20987,48.816363,2.317384,Renault Captur 1.5 DCI 90 BUSINESS S&S ECO²,92120,0142531111,15850,Pro,2013,16100.0,False
179,Quincy-sous-Sénart,6000,48.671191,2.540747,Captur dci 90 intens,91480,[],19100,Par,2014,17700.0,True
180,Conflans-Sainte-Honorine,34808,49.000275,2.09178,Renault Captur dCi 90 Energy Intens S&S eco2,78700,0139192136,16890,Pro,2013,17700.0,False
181,Montrouge,8634,48.816363,2.317384,Renault Captur dCi 90 Energy Zen S&S eco2,92120,0146128847,17290,Pro,2014,16000.0,True
182,Montrouge,22119,48.816363,2.317384,Renault Captur 1.5 DCI 90 BUSINESS S&S ECO²,92120,0142531111,15670,Pro,2014,16100.0,False
183,Montrouge,9508,48.816363,2.317384,Renault Captur 1.5 DCI 90 BUSINESS S&S ECO²,92120,0142531111,16880,Pro,2014,16100.0,True
184,Montrouge,20248,48.816363,2.317384,Renault Captur 1.5 DCI 90 BUSINESS S&S ECO²,92120,0142531111,15850,Pro,2013,16100.0,False
185,Montrouge,25972,48.816363,2.317384,Renault Captur 1.5 DCI 90 BUSINESS S&S ECO²,92120,0142531111,15750,Pro,2013,16100.0,False
186,Montrouge,20272,48.816363,2.317384,Renault Captur 1.5 DCI 90 BUSINESS S&S ECO²,92120,0142531111,15850,Pro,2013,16100.0,False
187,Meaux,6825,48.9562018,2.8884657,Renault Captur dCi 90 Energy Intens S&S eco²,77100,0183616192,17800,Pro,2014,17700.0,True
188,Noisiel,18718,48.85478,2.628701,Renault Captur dCi 90 Energy Zen S&S eco2,77186,0160059293,16900,Pro,2014,16000.0,True
189,Houdan,5000,48.789808,1.601126,Renault Captur Intens TCE120,78550,[],18400,Par,2014,15500.0,True
190,Le Port-Marly,1,48.880777,2.110156,Renault Captur DCI 90 ENERGY INTENS S&S ECO²,78560,0175951008,17490,Pro,2014,17700.0,False
191,Germigny-l'Evêque,21000,48.993659,2.945494,Renault Captur DCI 90 ENERGY INTENS S&S R-LINK,77910,[],15900,Par,2013,17700.0,False
192,Le Port-Marly,1,48.880777,2.110156,Renault Captur DCI 90 ENERGY INTENS S&S ECO²,78560,0175951008,17490,Pro,2014,17700.0,False
193,Le Port-Marly,10,48.880777,2.110156,Renault Captur DCI 90 ENERGY INTENS S&S ECO²,78560,0175951008,17490,Pro,2014,17700.0,False
194,Magnanville,9500,48.969534,1.68413,Captur Intens Energy DCI 90,78200,[],17000,Par,2014,17700.0,False
195,Sartrouville,2,48.941106,2.158431,Renault Captur 1.5 DCI 90 INTENS EDC,78500,0139145454,20780,Pro,2014,17500.0,True
196,Noisiel,10506,48.85478,2.628701,Renault Captur dCi 90 Energy S&S eco2 Zen 5P,77186,0160059293,17490,Pro,2014,16000.0,True
197,Montrouge,29723,48.816363,2.317384,Renault Captur 1.5 DCI 90 BUSINESS S&S ECO²,92120,0142531111,14850,Pro,2013,16100.0,False
198,Orgeval,8090,48.918524,1.96978,Renault Captur dCi 90 Energy Business,78630,0139754280,16985,Pro,2013,16100.0,True
199,Saint-Maur-des-Fossés,9500,48.8029439,2.485429,Renault captur 0.9 tce 90 energy 5cv intens,94100,[],14990,Pro,2014,15500.0,False
200,Le Perreux-sur-Marne,100,48.841386,2.504038,Renault Captur,94170,0143240835,19850,Pro,2014,16100.0,True
201,Le Perreux-sur-Marne,100,48.841386,2.504038,Renault Captur,94170,0143240835,17990,Pro,2014,16100.0,True
202,Le Perreux-sur-Marne,100,48.841386,2.504038,Renault Captur,94170,0143240835,17990,Pro,2014,16100.0,True
203,Le Plessis-Robinson,6200,48.780426,2.266257,CAPTUR INTENS Dci 90cv,92350,0650444768,18700,Par,2014,17700.0,True
204,Colombes,21500,48.9220615,2.2533313,RENAULT CAPTUR 1.5 Dci 90 ENERGY S&S BUSINESS ECO2,92700,[],16500,Par,2013,16100.0,True
205,Villepreux,3880,48.8301019,2.005269,Renault Captur Intens EDC auto 90ch dCI R-Link,78450,[],20300,Par,2014,17500.0,True
206,Saint-Rémy-lès-Chevreuse,15000,48.7025751,2.0696133,Captur intens energy dci 90,78470,[],18000,Par,2013,17700.0,True
207,Saint-Rémy-lès-Chevreuse,9999,48.7025751,2.0696133,Captur dci Intens noir/blanc caméra recul,78470,[],16690,Par,2013,17700.0,False
208,Thiais,10,48.760344,2.387405,Renault Captur,94320,0175834788,19252,Pro,2014,16100.0,True
209,Nanterre,4896,48.892423,2.215331,Renault Captur dCi 90 Energy Zen S&S eco2,92000,0156837400,16890,Pro,2014,16000.0,True
210,Chatou,10771,48.896391,2.160098,Renault Captur dCi 90 Energy Intens S&S eco2,78400,0130157765,17900,Pro,2013,17700.0,True
211,Brie-Comte-Robert,4500,48.6912267,2.6103697,Renault Captur dCi 90 Intens EDC,77170,0160625056,20490,Pro,2014,17500.0,True
212,Brie-Comte-Robert,8995,48.6912267,2.6103697,Renault Captur dCi 90 Energy Intens S&S eco2,77170,0160625056,18980,Pro,2014,17700.0,True
213,Orgeval,21050,48.918524,1.96978,Renault Captur dCi 90 Energy Business,78630,0139754280,16890,Pro,2013,16100.0,True
214,Paris,8360,48.856614,2.3522219,Renault Captur DCI 90 ENERGY S&S ECO2 ZEN,75008,0178455073,17790,Pro,2014,16000.0,True
215,Paris,5250,48.856614,2.3522219,Renault Captur TCE 90 ENERGY S&S ECO2 INTENS,75008,0178455073,17490,Pro,2014,15500.0,True
216,Villemomble,15,48.886727,2.505069,Renault Captur dCi 90 Energy Intens S&S eco²,93250,0148941616,17900,Pro,2013,17700.0,True
217,Thiais,10,48.760344,2.387405,Renault Captur Intens TCe 90,94320,0175834788,17422,Pro,2014,15500.0,True
218,Thiais,10,48.760344,2.387405,Renault Captur Intens dCi 90 EDC,94320,0175834788,19720,Pro,2014,17500.0,True
219,Thiais,10,48.760344,2.387405,Renault Captur Zen dCi 90 EDC,94320,0175834788,18442,Pro,2014,16200.0,True
220,Thiais,10,48.760344,2.387405,Renault Captur Intens TCe 120 EDC,94320,0175834788,18436,Pro,2014,17800.0,True
221,Nointel,18500,49.37433,2.485642,RENAULT CAPTUR Intens TCe 120 EDC,95590,[],17730,Par,2013,17800.0,False
222,Thiais,10,48.760344,2.387405,Renault Captur Zen dCi 90,94320,0175834788,18220,Pro,2014,16000.0,True
223,Thiais,10,48.760344,2.387405,Renault Captur Intens dCi 90,94320,0175834788,18664,Pro,2014,17700.0,True
224,Sartrouville,19900,48.941106,2.158431,Renault Captur,78500,0139145454,15880,Pro,2013,16100.0,False
225,Beauchamp,8860,49.015751,2.191521,Renault Captur dCi 90 Energy Zen S&S eco2,95250,0139316439,16900,Pro,2014,16000.0,True
226,Beauchamp,9360,49.015751,2.191521,Renault Captur dCi 90 Energy Business,95250,0139316439,16900,Pro,2013,16100.0,True
227,Antony,6950,48.759255,2.302553,Renault Captur Tce 120 EDC Intens,92160,[],18300,Par,2013,17800.0,True
228,Melun,17431,48.542105,2.6554,Renault Captur dCi 90 Energy Business,77000,0615872883,16980,Pro,2013,16100.0,True
229,Isles-lès-Villenoy,10,48.911358,2.8281139,Renault Captur 0.9 TCe Energy 90ch INTENS M/5,77450,0184141900,16970,Pro,2014,15500.0,True
230,Boissise-le-Roi,221,48.526605,2.571664,Renault Captur INTENS ENERGY DCI 90CH,77310,0160657097,19990,Pro,2014,17700.0,True
231,Brie-Comte-Robert,17421,48.6912267,2.6103697,Renault Captur dCi 90 Intens EDC,77170,0160625056,18680,Pro,2014,17500.0,True
232,Gargenville,6500,48.991435,1.809326,Voiture renault captur,78440,[],18500,Par,2014,16100.0,True
233,Persan,185,49.152233,2.269571,Renault Captur DCI 90 ENERGY INTENS S&S ECO2,95340,0130282837,19590,Pro,2014,17700.0,True
234,Fresnes,23788,48.757205,2.326243,Renault Captur DCI 90 ENERGY S&S ECO2 ZEN,94260,0175448164,15990,Pro,2014,16000.0,False
235,Les Clayes-sous-Bois,20411,48.82342,1.976374,Renault Captur,78340,[],18200,Par,2014,16100.0,True
236,Courbevoie,1000,48.900552,2.25929,Renault Captur Intens EDC 90ch dCI R-Link,92400,[],16500,Par,2014,17500.0,False
237,Saint-Denis,15500,48.936181,2.357443,Renault Captur,93200,[],15500,Par,2013,16100.0,False
238,Thiais,10,48.760344,2.387405,Renault Captur Intens dCi 90,94320,0175834788,19582,Pro,2014,17700.0,True
239,Villebon-sur-Yvette,29177,48.6964029,2.236654,Renault Captur dCi 90 Energy Business,91140,0169340404,14880,Pro,2013,16100.0,False
240,Paris,7800,48.856614,2.3522219,Renault Captur TCE 90,75011,[],16300,Par,2013,16100.0,True
241,Trappes,41494,48.776731,2.001844,Renault Captur DCI 90 ENERGY S&S ECO2 ZEN,78190,0161123085,13900,Pro,2013,16000.0,False
242,Trappes,37929,48.776731,2.001844,Renault Captur DCI 90 ENERGY S&S ECO2 ZEN,78190,0161123085,13990,Pro,2013,16000.0,False
243,Paris,19852,48.856614,2.3522219,Renault Captur DCI 90 ENERGY BUSINESS,75011,0174076006,16990,Pro,2013,16100.0,True
244,Crosne,10000,48.720171,2.461891,Renault captur TCE 90 Intens,91560,[],16550,Par,2013,15500.0,True
245,Trappes,40375,48.776731,2.001844,Renault Captur DCI 90 ENERGY S&S ECO2 ZEN,78190,0161123085,13990,Pro,2013,16000.0,False
246,Epinay-sous-Sénart,8800,48.693052,2.515825,RENAULT CAPTUR INTENS dCi90 /8800km UNICOLORE NOIR,91860,[],16800,Par,2013,15500.0,True
247,Paris,3863,48.856614,2.3522219,Renault Captur DCI 90 ENERGY S&S ECO2 ZEN,75011,0174076006,17890,Pro,2014,16000.0,True
248,Rambouillet,2100,48.643868,1.829079,Captur Renault,78120,[],16200,Par,2014,16100.0,True
249,Paris,18805,48.856614,2.3522219,Renault Captur DCI 90 ENERGY BUSINESS,75011,0174076006,16490,Pro,2013,16100.0,True
250,Elancourt,19000,48.782907,1.960077,RENAULT CAPTUR 2014- 1.5dci 90 Energy&intens eco²,78990,[],19000,Par,2014,16100.0,True
251,Levallois-Perret,10,48.893217,2.287864,Renault captur 1.5 dci 90 energy s&s intens eco2,92300,[],18600,Pro,2014,17700.0,True
252,Melun,19199,48.542105,2.6554,Renault Captur dCi 90 Energy Business,77000,0615872883,16980,Pro,2014,16100.0,True
253,Versailles,3457,48.801408,2.130122,Renault Captur DCI 90 ENERGY S&S ECO2 ZEN,78000,0175448151,16990,Pro,2014,16000.0,True
254,Persan,170,49.152233,2.269571,Renault Captur DCI 90 ENERGY INTENS S&S ECO2,95340,0130282836,19590,Pro,2014,17700.0,True
255,Les Ulis,3080,48.6792779,2.16647,Renault Captur dCi 90 Intens EDC,91940,0160926972,18990,Pro,2014,17500.0,True
256,Versailles,10,48.801408,2.130122,Renault Captur DCI 90 ENERGY S&S ECO2 ZEN,78000,0175448151,16900,Pro,2014,16000.0,True
257,Paris,5780,48.856614,2.3522219,Renault Captur DCI 90 ENERGY S&S ECO2 ZEN,75008,0178455073,17890,Pro,2014,16000.0,True
258,Rosny-sous-Bois,12500,48.875661,2.485932,Renault Captur Intens DCi 90 Eco2,93110,[],17000,Par,2013,17700.0,False
259,Cagnes-sur-Mer,10,43.663739,7.14882,Renault Captur TCE 90 ENERGY S&S ECO2 ZEN,06800,0422170093,16990,Pro,2014,14200.0,True
260,Gap,3714,44.559638,6.079758,Renault Captur dCi 90 Energy S&S eco2 Intens,05000,0628436660,19690,Pro,2014,17700.0,True
261,Aix-en-Provence,22900,43.529742,5.447427,Renault captur dci 90 business gps,13090,[],15990,Pro,2013,17600.0,False
262,Fréjus,10000,43.433152,6.737034,RENAULT CAPTUR DCI 90 ENERGY ECO2 INTENS S-S 4x2,83600,[],18000,Par,2014,17700.0,True
263,Nice,13400,43.7101728,7.2619532,Captur intens tce 90 - echange possible,06300,[],14990,Par,2013,15500.0,False
264,Cannes,18182,43.552847,7.017369,Renault Captur DCI 90 ENERGY S&S ECO2 ZEN,06400,0422170107,16600,Pro,2014,16000.0,True
265,Le Pontet,32020,43.9591489,4.863831,Renault captur 1.5 dci 90 energy s&s business eco2,84130,0625982919,14990,Pro,2013,16100.0,False
266,Aix-en-Provence,6002,43.529742,5.447427,Renault Captur dCi 90 Energy Business S&S eco²,13100,0825809109,14800,Pro,2014,16100.0,False
267,Vitrolles,10000,43.458598,5.249703,Renault Captur DCI 90 ENERGY INTENS S&S ECO²,13127,0486802083,19300,Pro,2014,17700.0,True
268,Fréjus,15500,43.433152,6.737034,CAPTUR TCE INTENS 2013 - 15500 Kms,83600,[],17100,Par,2013,15500.0,True
269,Hyères,18352,43.120541,6.128639,Renault Captur dCi 90 Energy Business S&S eco²,83400,0825809109,14800,Pro,2014,16100.0,False
270,Nice,11888,43.7101728,7.2619532,Renault Captur dCi 90 Energy Business S&S eco²,06000,0825809109,14800,Pro,2014,16100.0,False
271,Marseille,13055,43.296482,5.36978,Renault Captur dCi 90 Energy Business S&S eco²,13001,0825809109,14800,Pro,2014,16100.0,False
272,Marignane,17078,43.4212739,5.218332,Renault Captur dCi 90 Energy Business S&S eco²,13700,0825809109,14800,Pro,2014,16100.0,False
273,Hyères,16046,43.120541,6.128639,Renault Captur dCi 90 Energy Business S&S eco²,83400,0825809109,14800,Pro,2014,16100.0,False
274,Nice,10773,43.7101728,7.2619532,Renault Captur dCi 90 Energy Business S&S eco²,06000,0825809109,14800,Pro,2014,16100.0,False
275,Aix-en-Provence,25313,43.529742,5.447427,Renault Captur dCi 90 Energy Business S&S eco²,13100,0686038342,13400,Pro,2013,16100.0,False
276,Marignane,20078,43.4212739,5.218332,Renault Captur dCi 90 Energy Business S&S eco²,13700,0825809109,14500,Pro,2014,16100.0,False
277,Aix-en-Provence,15948,43.529742,5.447427,Renault Captur dCi 90 Energy Business S&S eco²,13100,0675010042,14800,Pro,2014,16100.0,False
278,Marignane,10241,43.4212739,5.218332,Renault Captur dCi 90 Energy Business S&S eco²,13700,0825809109,14800,Pro,2014,16100.0,False
279,Nice,17147,43.7101728,7.2619532,Renault Captur dCi 90 Energy Business S&S eco²,06000,0825809109,14800,Pro,2014,16100.0,False
280,Marignane,20087,43.4212739,5.218332,Renault Captur dCi 90 Energy Business S&S eco²,13700,0825809109,13900,Pro,2013,16100.0,False
281,Nice,13268,43.7101728,7.2619532,Renault Captur dCi 90 Energy Business S&S eco²,06000,0825809109,14800,Pro,2014,16100.0,False
282,Aix-en-Provence,22466,43.529742,5.447427,Renault Captur dCi 90 Energy Business S&S eco²,13100,0825809109,13700,Pro,2013,16100.0,False
283,Marseille,11841,43.296482,5.36978,Renault Captur dCi 90 Energy Business S&S eco²,13001,0825809109,14800,Pro,2014,16100.0,False
284,Nice,9545,43.7101728,7.2619532,Renault Captur dCi 90 Energy Business S&S eco²,06000,0825809109,14800,Pro,2014,16100.0,False
285,Cannes,16816,43.552847,7.017369,Renault Captur dCi 90 Energy Business S&S eco²,06400,0825809109,14800,Pro,2014,16100.0,False
286,Aix-en-Provence,19206,43.529742,5.447427,Renault Captur dCi 90 Energy Business S&S eco²,13100,0825809109,14800,Pro,2014,16100.0,False
287,Hyères,15998,43.120541,6.128639,Renault Captur dCi 90 Energy Business S&S eco²,83400,0825809109,14800,Pro,2014,16100.0,False
288,Nice,11200,43.7101728,7.2619532,Renault Captur dCi 90 Energy Business S&S eco²,06200,0825809109,14800,Pro,2014,16100.0,False
289,Toulon,19000,43.124228,5.928,Renault Captur dCi 90 Energy Business S&S eco²,83000,0825809109,14800,Pro,2014,16100.0,False
290,Cavaillon,15798,43.8366045,5.0407814,Renault Captur dCi 90 Energy Business S&S eco²,84300,0825809109,14800,Pro,2014,16100.0,False
291,Cannes,18155,43.552847,7.017369,Renault Captur dCi 90 Energy Business S&S eco²,06400,0825809109,14800,Pro,2014,16100.0,False
292,Nice,17190,43.7101728,7.2619532,Renault Captur dCi 90 Energy Business S&S eco²,06000,0825809109,14800,Pro,2014,16100.0,False
293,Marignane,16357,43.4212739,5.218332,Renault Captur dCi 90 Energy Business S&S eco²,13700,0825809109,14800,Pro,2014,16100.0,False
294,Nice,13785,43.7101728,7.2619532,Renault Captur dCi 90 Energy Business S&S eco²,06000,0825809109,14800,Pro,2014,16100.0,False
295,Miramas,10,43.588896,5.002136,Renault Captur DCI 90 ENERGY INTENS S&S,13140,0482792079,18990,Pro,2014,17700.0,True
296,Roquebrune-sur-Argens,5,43.443408,6.637682,Renault Captur NEUF 1.5 DCI 90 INTENS ENERGY,83520,8352000001,18990,Pro,2014,17700.0,True
297,La Seyne-sur-Mer,14600,43.102976,5.878219,Renault Captur Intens DCI Super Affaire,83500,[],16900,Par,2013,17700.0,False
298,Aix-en-Provence,1,43.529742,5.447427,Renault Captur DCI90 ENER. S/S SL H.H 0KM,13100,0476523234,19990,Pro,-1,16100.0,True
299,Vitrolles,13500,43.458598,5.249703,Captur Intens Energy dCi 90ch,13127,[],16700,Par,2013,17700.0,False
300,Aix-en-Provence,19076,43.529742,5.447427,Renault Captur dCi 90 Energy Business S&S eco²,13090,0811708090,17490,Pro,2014,16100.0,True
301,Arles,19327,43.676647,4.6277769,Renault Captur dCi 90 Energy Business,13200,0490188023,15490,Pro,2013,16100.0,False
302,Marseille,13000,43.296482,5.36978,Renault captur 1.2 tce 120 intens edc,13012,[],16990,Pro,2013,17800.0,False
303,Hyères,12020,43.120541,6.128639,Renault captur intens 120 cv tce,83400,[],16900,Pro,2013,17800.0,False
304,Aix-en-Provence,10,43.529742,5.447427,Renault Captur ZEN Energy dCi 90 éco2,13090,0811708090,20200,Pro,2013,16000.0,True
305,Avignon,16209,43.949317,4.805528,Renault Captur TCe 90 Energy Zen S&S eco²,84000,0811708090,14990,Pro,2013,14200.0,True
306,Hyères,23000,43.120541,6.128639,Renault captur intense 1.5 dci,83400,[],17000,Par,2013,18300.0,False
307,Cagnes-sur-Mer,10,43.663739,7.14882,Renault Captur TCE 90 ENERGY S&S ECO2 ZEN,06800,0422170093,16990,Pro,2014,14200.0,True
308,Cagnes-sur-Mer,10,43.663739,7.14882,Renault Captur DCI 90 ENERGY S&S ECO2 INTENS,06800,0422170093,20990,Pro,2014,17700.0,True
309,Hyères,19500,43.120541,6.128639,Renault Captur dci 90 Energy Zen,83400,[],15800,Pro,2013,16000.0,False
310,Toulon,9950,43.124228,5.928,Renault Captur,83000,[],19500,Par,2014,16100.0,True
311,Ceyreste,26000,43.221502,5.634811,Renault captur,13600,[],15900,Par,2013,16100.0,False
312,Cannes,4363,43.552847,7.017369,Renault Captur DCI 90 ENERGY S&S ECO2 INTENS,06400,0422170107,19900,Pro,2014,17700.0,True
313,Draguignan,5,43.5377269,6.464993,Renault Captur 1.5 DCI 90 INTENS ENERGY Intens s s,83300,8330000000,18490,Pro,2014,17700.0,True
314,Cagnes-sur-Mer,5026,43.663739,7.14882,Renault Captur DCI 90 ENERGY S&S ECO2 ZEN,06800,0422170093,17490,Pro,2014,16000.0,True
315,La Valette-du-Var,9,43.13824,5.9875844,Renault Captur DCI 90 ZEN EDC,83160,0422170181,19500,Pro,2014,16200.0,True
316,Marignane,4689,43.4212739,5.218332,Renault Captur dCi 90 Intens EDC,13700,0608929780,19790,Pro,2014,17500.0,True
317,Marignane,17147,43.4212739,5.218332,Renault Captur dCi 90 Energy S&S eco2 Zen,13700,0608929780,16890,Pro,2014,16000.0,True
318,Vitrolles,19239,43.458598,5.249703,Renault Captur dCi 90 Energy Business,13127,0613920082,16990,Pro,2014,16100.0,True
319,Cannes,3251,43.552847,7.017369,Renault Captur DCI 90 ENERGY S&S ECO2 INTENS,06400,0422170107,18800,Pro,2014,17700.0,True
320,Coudoux,22000,43.558086,5.251238,Renault captur,13111,0615065363,16100,Par,2013,16100.0,False
321,Aubagne,11,43.2926781,5.5676425,Renault Captur DCI 90 ENERGY S&S ECO2 INTENS,13400,0422170191,18900,Pro,2014,17700.0,True
322,Serres,23000,41.090923,23.5413198,Renault captur 2013,05700,[],15900,Par,2013,16100.0,False
323,Gap,10891,44.559638,6.079758,Renault Captur dCi 90 Zen EDC,05000,0628436660,18990,Pro,2014,16200.0,True
324,La Valette-du-Var,16769,43.13824,5.9875844,Renault Captur TCE 120 INTENS EDC,83160,0422170181,18400,Pro,2013,17800.0,True
325,Aubagne,25155,43.2926781,5.5676425,Renault Captur DCI 90 ENERGY BUSINESS,13400,0422170191,16200,Pro,2013,16100.0,True
326,Cannes,6012,43.552847,7.017369,Renault Captur DCI 90 ENERGY S&S ECO2 ZEN,06400,0422170107,17600,Pro,2014,16000.0,True
327,Draguignan,15,43.5377269,6.464993,Captur tce 120ch zen edc,83300,[],17890,Pro,2014,16000.0,True
328,Cagnes-sur-Mer,16527,43.663739,7.14882,Renault Captur DCI 90 ENERGY BUSINESS,06800,0422170093,16990,Pro,2014,16100.0,True
329,Draguignan,5,43.5377269,6.464993,Renault Captur 1.5 DCI 90 INTENS ENERGY Intens s s,83300,8330000001,18490,Pro,2014,17700.0,True
330,Roquebrune-sur-Argens,5,43.443408,6.637682,Renault Captur Tce 120 INTENS EDC,83520,8352000005,19590,Pro,2014,17800.0,True
331,Marseille,40849,43.296482,5.36978,Renault Captur DCI 90 ENERGY S&S ECO2 ZEN,13008,0422170199,14700,Pro,2013,16000.0,False
332,Cannes,3985,43.552847,7.017369,Renault Captur DCI 90 ENERGY S&S ECO2 ZEN,06400,0422170107,17900,Pro,2014,16000.0,True
333,Cannes,3640,43.552847,7.017369,Renault Captur DCI 90 ENERGY S&S ECO2 ZEN,06400,0422170107,17900,Pro,2014,16000.0,True
334,Gap,9954,44.559638,6.079758,Renault Captur intense,05000,0492533452,17400,Pro,2013,16100.0,True
335,Marignane,13576,43.4212739,5.218332,Renault Captur dCi 90 Energy S&S eco2 Intens,13700,0608929780,17990,Pro,2013,17700.0,True
336,Arles,23259,43.676647,4.6277769,Renault Captur dCi 90 Energy Business,13200,0490188023,16490,Pro,2013,16100.0,True
337,Manosque,29632,43.835744,5.790916,Renault Captur dCi 90 Energy S&S eco2 Zen,04100,0628436660,15990,Pro,2013,16000.0,False
338,Rognonas,28000,43.898503,4.803017,Renault captur intense diesel 2013,13870,[],17990,Par,2013,16100.0,True
339,Avignon,9500,43.949317,4.805528,Renault Captur TCE 90 ENERGY S&S ECO2 ZEN,84000,0486877981,14990,Pro,2013,14200.0,True
340,La Destrousse,10,43.376874,5.605345,Renault captur dci 90 energy intens s&s gps neuf,13112,[],19780,Pro,2014,17700.0,True
341,Avignon,11900,43.949317,4.805528,Renault Captur dCi 90 Energy Zen S&S eco2,84000,0624646507,16900,Pro,2013,16000.0,True
342,Fréjus,1222,43.433152,6.737034,Renault captur tce 120ch intens boite edc,83600,0669509220,19900,Pro,2014,17800.0,True
343,Venelles,300,43.598546,5.4847245,Renault Captur DCI 90 ENERGY INTENS S&S ECO²,13770,0625620029,19990,Pro,2014,17700.0,True
344,Carpentras,9548,44.0555639,5.048722,Renault Captur BUSINESS dCi 90 Energy Business,84200,0640226880,16500,Pro,2014,16100.0,True
345,Bollène,19279,44.280508,4.748966,Renault Captur dCi 90 Energy S&S eco2 Intens,84500,0634239821,16990,Pro,2013,17700.0,False
346,Bollène,9739,44.280508,4.748966,Renault Captur BUSINESS dCi 90 Energy Business,84500,0634239821,16100,Pro,2013,16100.0,False
347,Cannes,26808,43.552847,7.017369,Renault Captur DCI 90 ENERGY S&S ECO2 INTENS,06400,0422170107,16900,Pro,2013,17700.0,False
348,Saint-Maximin-la-Sainte-Baume,29000,43.452497,5.864004,Renault captur,83470,[],14900,Par,2013,16100.0,False
349,Orange,10,33.7877944,-117.8531119,Renault Captur TCe 90 Energy S&S eco2 Intens,84100,0607135149,16700,Pro,2014,15500.0,True
350,Cannes,5219,43.552847,7.017369,Renault Captur DCI 90 ENERGY S&S ECO2 ZEN,06400,0422170107,17900,Pro,2014,16000.0,True
351,Cavaillon,18670,43.8366045,5.0407814,Renault Captur dCi 90 Energy S&S eco2 Zen,84300,0490786363,16990,Pro,2014,16000.0,True
352,Cagnes-sur-Mer,8210,43.663739,7.14882,Renault Captur DCI 90 ENERGY S&S ECO2 ZEN,06800,0422170093,17490,Pro,2014,16000.0,True
353,Salon-de-Provence,5470,43.640199,5.097022,Renault Captur dCi 90 Energy S&S eco2 Zen,13300,0490421313,17900,Pro,2014,16000.0,True
354,Cannes,4733,43.552847,7.017369,Renault Captur DCI 90 ENERGY S&S ECO2 ZEN,06400,0422170107,18300,Pro,2014,16000.0,True
355,Antibes,40860,43.580418,7.125102,RENAULT CAPTUR Dci 90 Eco2 Business Energy,06600,[],15290,Pro,2013,16100.0,False
356,Cavaillon,18507,43.8366045,5.0407814,Renault Captur dCi 90 Business EDC,84300,0490786363,17490,Pro,2014,17600.0,False
357,Arles,11852,43.676647,4.6277769,Renault Captur dCi 90 Energy Business,13200,0490188023,17990,Pro,2014,16100.0,True
358,Martigues,10,43.404811,5.053728,Plusieurs Renault Captur Dci 90 Intense GPS Neuf,13500,[],18900,Pro,2014,18300.0,True
359,Lançon-Provence,10,43.591912,5.126824,Captur dCi 90 Intens EDC Navi Europe - Pack Techno,13680,[],21890,Pro,2014,17500.0,True
360,Salon-de-Provence,18637,43.640199,5.097022,Renault Captur dCi 90 Energy S&S eco2 Intens,13300,0490421313,18500,Pro,2014,17700.0,True
361,Vitrolles,10,43.458598,5.249703,Renault Captur DCI 90 ENERGY INTENS S&S ECO²,13127,0486802083,19900,Pro,2014,17700.0,True
362,Marignane,10,43.4212739,5.218332,Renault Captur dCi 90 Energy Intens S&S eco2,13700,0608929780,18990,Pro,2014,17700.0,True
363,La Ciotat,17913,43.173653,5.605155,Renault captur,13600,[],16200,Par,2013,16100.0,True
364,Aubagne,4535,43.2926781,5.5676425,Renault Captur DCI 90 ENERGY S&S ECO2 ZEN,13400,0422170191,17800,Pro,2014,16000.0,True
365,Port-de-Bouc,2400,43.405449,4.985931,Renault Captur dCi 90 Intens EDC eco²,13110,0442405353,20900,Pro,2014,17500.0,True
366,Simiane-Collongue,4500,43.429668,5.434833,Renault captur,13109,[],19200,Par,2014,16100.0,True
367,Fayence,28000,43.624076,6.694103,Renault captur,83440,[],14500,Par,2013,16100.0,False
368,La Seyne-sur-Mer,7450,43.102976,5.878219,Renault Captur TCe 120 Zen EDC,83500,0682177533,16500,Pro,2013,16000.0,True
369,Avignon,41573,43.949317,4.805528,Renault Captur DCI 90 ENERGY S&S ECO2 ZEN,84000,0486877981,14990,Pro,2013,16000.0,False
370,Marignane,1674,43.4212739,5.218332,Renault Captur TCe 90 Energy S&S eco2 Intens,13700,0608929780,16990,Pro,2014,15500.0,True
371,Cagnes-sur-Mer,20500,43.663739,7.14882,Renault Captur DCI 90 ENERGY BUSINESS,06800,0422170093,16990,Pro,2013,16100.0,True
372,Gardanne,24060,43.4525982,5.4717363,Renault Captur TCe 90 Energy Intens S&S eco2,13120,0442949596,15900,Pro,2013,15500.0,True
373,Le Pontet,24600,43.9591489,4.863831,Renault captur 1.5 dci 90 energy s&s business eco2,84130,0625982919,15790,Pro,2013,16100.0,False
374,Orange,21174,33.7877944,-117.8531119,Renault Captur BUSINESS dCi 90 Energy Business,84100,0612103931,15900,Pro,2013,16100.0,False
375,Cannes,19485,43.552847,7.017369,Renault Captur DCI 90 ENERGY BUSINESS,06400,0422170107,16800,Pro,2013,16100.0,True
376,Aix-en-Provence,29757,43.529742,5.447427,Renault Captur dCi 90 Energy Zen S&S eco²,13090,0442952895,15490,Pro,2013,16000.0,False
377,Antibes,18625,43.580418,7.125102,"RENAULT CAPTUR"" BUSINESS ENERGY DCi 90cv Eco2 """,06600,[],16990,Pro,2014,16100.0,True
378,Brignoles,19372,43.40655,6.061187,Renault Captur dCi 90 Energy Intens S&S eco²,83170,0494370125,17490,Pro,2013,17700.0,False
379,Valréas,3795,44.383724,4.989187,Renault Captur dCi 90 Energy Zen S&S eco²,84600,0490351460,17400,Pro,2013,16000.0,True
380,Aix-en-Provence,10000,43.529742,5.447427,Renault captur annee 2013,13090,[],17000,Par,2013,16100.0,True
381,Saint-Chamas,28000,43.550669,5.034508,Renault CAPTUR,13250,[],17500,Par,2013,16100.0,True
382,La Valette-du-Var,11003,43.13824,5.9875844,Renault Captur DCI 90 ENERGY BUSINESS,83160,0422170181,17900,Pro,2013,16100.0,True
383,Manosque,13500,43.835744,5.790916,Renault Captur dCi 90 Energy Intens S&S eco2,04100,0628436660,17990,Pro,2013,17700.0,True
384,La Valette-du-Var,17904,43.13824,5.9875844,Renault Captur DCI 90 ENERGY BUSINESS,83160,0422170181,17700,Pro,2013,16100.0,True
385,Manosque,14500,43.835744,5.790916,Renault Captur dCi 90 Energy S&S eco2 Zen,04100,0628436660,16490,Pro,2013,16000.0,True
386,Garéoult,30000,43.329229,6.045799,Renault Captur dCi 90 INTENS,83136,[],16900,Par,2013,17700.0,False
387,Draguignan,4250,43.5377269,6.464993,Captur 1.5l dci 90ch zen,83300,[],16990,Pro,2014,16000.0,True
388,Nice,16800,43.7101728,7.2619532,Renault captur 1.5 dci 90cv business 2014,06200,[],15850,Pro,2014,17600.0,False
389,Sainte-Maxime,16000,43.310184,6.640482,Captur intens cte 120,83120,[],17000,Par,2013,17800.0,False
390,Draguignan,11058,43.5377269,6.464993,Renault Captur TCe 90 Energy Zen S&S eco²,83300,0687808813,14990,Pro,2013,14200.0,True
391,Mougins,3895,43.6023319,7.006491,Renault Captur TCe 90 Energy Zen S&S eco²,06250,0422106388,14900,Pro,2013,14200.0,True
392,Fréjus,11225,43.433152,6.737034,Renault captur dci 90ch energy zen,83600,0669509220,15990,Pro,2013,16000.0,False
393,Lauris,40000,43.746982,5.313601,RENAULT CAPTUR INTENS DCI 90CV S&S Eco2,84360,[],16000,Par,2013,17700.0,False
394,Marignane,3962,43.4212739,5.218332,Renault Captur TCe 120 Zen EDC,13700,0608929780,16890,Pro,2014,16000.0,True
395,Cannes,5109,43.552847,7.017369,Renault Captur DCI 90 ENERGY S&S ECO2 ZEN,06400,0422170107,18290,Pro,2014,16000.0,True
396,Lançon-Provence,10,43.591912,5.126824,RENAULT CAPTUR LIFE + 1.5 DCI 90 ch à - 15%,13680,[],16990,Pro,2014,14600.0,True
397,Cannes,5541,43.552847,7.017369,Renault Captur DCI 90 ENERGY S&S ECO2 ZEN,06400,0422170107,17899,Pro,2014,16000.0,True
398,Nice,4994,43.7101728,7.2619532,Renault Captur TCe 90 Energy Zen S&S eco2,06200,0489613187,13900,Pro,2014,14200.0,False
399,Avignon,7092,43.949317,4.805528,Renault Captur DCI 90 ENERGY BUSINESS,84000,0486877981,17900,Pro,2014,16100.0,True
400,Vitrolles,11136,43.458598,5.249703,Renault Captur TCe 90 Energy S&S eco2 Intens,13127,0613920082,15990,Pro,2014,15500.0,True
401,Manosque,5486,43.835744,5.790916,Renault Captur TCe 90 Energy S&S eco2 Zen,04100,0628436660,14990,Pro,2013,14200.0,True
402,Arles,18303,43.676647,4.6277769,Renault Captur TCe 90 Energy Intens S&S eco2,13200,0490188023,15990,Pro,2014,15500.0,True
403,Draguignan,2719,43.5377269,6.464993,Renault Captur TCe 90 Energy Intens S&S eco²,83300,0687808813,16490,Pro,2014,15500.0,True
404,La Garde,10,43.128777,6.017199,Renault captur dci 90 energy intens,83130,[],18790,Pro,2014,17700.0,True
405,Cagnes-sur-Mer,3497,43.663739,7.14882,Renault Captur DCI 90 ZEN EDC,06800,0422170093,19490,Pro,2014,16200.0,True
406,Le Puy-Sainte-Réparade,20400,43.66283,5.435206,CAPTURE INTENS tce 120,13610,[],17800,Par,2013,17800.0,False
407,Cannes,29361,43.552847,7.017369,Renault Captur DCI 90 ENERGY BUSINESS,06400,0422170107,16490,Pro,2013,16100.0,True
408,Aix-en-Provence,20598,43.529742,5.447427,Renault Captur dCi 90 Energy Business S&S eco²,13090,0811708090,17490,Pro,2014,16100.0,True
409,Aix-en-Provence,18566,43.529742,5.447427,Renault Captur dCi 90 Energy Zen S&S eco²,13090,0811708090,17890,Pro,2014,16000.0,True
410,Aix-en-Provence,3333,43.529742,5.447427,Renault Captur TCe 90 Energy Zen S&S eco²,13090,0811708090,15150,Pro,2013,14200.0,True
411,Aix-en-Provence,10,43.529742,5.447427,Renault Captur TCe 120 Intens EDC,13090,0811708090,19790,Pro,2014,17800.0,True
412,Aix-en-Provence,10,43.529742,5.447427,Renault Captur ZEN Energy dCi 90 éco2,13090,0811708090,20200,Pro,2013,16000.0,True
413,Avignon,8900,43.949317,4.805528,Renault Captur DCI 90 ENERGY BUSINESS,84000,0486877981,17990,Pro,2014,16100.0,True
414,Orange,13306,33.7877944,-117.8531119,Renault Captur dCi 90 Energy S&S eco2 Intens,84100,0607135149,17990,Pro,2014,17700.0,True
415,Fos-sur-Mer,17300,43.437882,4.945711,Renault Captur Intens energy Dci90 Eco2 Pack Techn,13270,[],17300,Par,2013,15500.0,True
416,Draguignan,32000,43.5377269,6.464993,Renault captur intens dci 90,83300,[],16900,Par,2013,17700.0,False
417,Brignoles,25746,43.40655,6.061187,Renault Captur dCi 90 Energy Business S&S eco²,83170,0494370125,16990,Pro,2013,16100.0,True
418,La Seyne-sur-Mer,5,43.102976,5.878219,Renault Captur dCi 90 Energy S&S eco2 Intens,83500,0683688779,19900,Pro,2014,17700.0,True
419,Manosque,23143,43.835744,5.790916,Renault Captur dCi 90 Energy Zen S&S eco2,04100,0628436660,16490,Pro,2013,16000.0,True
420,Cannes,19612,43.552847,7.017369,Renault Captur DCI 90 ENERGY BUSINESS,06400,0422170107,16900,Pro,2013,16100.0,True
421,Salon-de-Provence,20394,43.640199,5.097022,Renault Captur dCi 90 Energy Business,13300,0490421313,16900,Pro,2014,16100.0,True
422,Marseille,6500,43.296482,5.36978,Captur intens dci 90,13015,[],19500,Par,2014,17700.0,True
423,Saint-Andiol,2000,43.835465,4.944566,Renault captur 1.5 dci 90 zen energy procedure ve,13670,[],8500,Pro,2014,16000.0,False
424,Brignoles,12758,43.40655,6.061187,Renault Captur dCi 90 Energy Intens S&S eco²,83170,0494370125,17490,Pro,2014,17700.0,False
425,La Garde,7846,43.128777,6.017199,RENAULT CAPTUR 0.9 TCE 90 ENERGY S&S INTENS Ivoire,83130,[],16000,Pro,2013,15500.0,True
426,Cagnes-sur-Mer,22786,43.663739,7.14882,Renault Captur DCI 90 ENERGY BUSINESS,06800,0422170093,16990,Pro,2014,16100.0,True
427,Cannes,10,43.552847,7.017369,RENAULT CAPTUR NEUF ROUGE DCI 90 INTENS BVM5 Full,06400,[],22490,Pro,2014,17700.0,True
428,Marignane,7455,43.4212739,5.218332,Renault Captur dCi 90 Intens EDC,13700,0608929780,19790,Pro,2014,17500.0,True
429,Tarascon,1500,43.806044,4.65752,Renault captur dci 90 cv energy intens s&s gps,13150,[],19950,Par,2014,17700.0,True
430,Simiane-Collongue,6000,43.429668,5.434833,CAPTUR Intens Energie dCi 90 eco2 /Juin 2014,13109,[],18700,Par,2014,17700.0,True
431,Le Lavandou,2500,43.138042,6.368436,CAPTUR Renault INTENS DIESEL neuf,83980,[],19200,Par,2014,15500.0,True
432,La Seyne-sur-Mer,5,43.102976,5.878219,Renault Captur dCi 90 Energy S&S eco2 Intens,83500,0683688779,19900,Pro,2014,17700.0,True
433,Rognac,39748,43.487871,5.23463,Renault captur dci 2013 accidente,13340,[],3900,Pro,2013,18300.0,False
434,Le Cannet,8000,43.576551,7.01902,Renault Captur 8000 kms Dci 90 Energy Business 5p,06110,[],17500,Par,2014,16100.0,True
435,Cavaillon,10,43.8366045,5.0407814,Renault Captur dCi 90 Energy Intens S&S eco²,84300,0490064814,21500,Pro,2014,17700.0,True
436,Saint-Julien,25000,46.144516,6.081338,Renault Captur Business,83560,[],14600,Par,2013,17600.0,False
437,Marseille,10100,43.296482,5.36978,Personnel Renault cède CAPTUR INTENS ENERGY DCI 90,13013,[],19900,Par,2013,17700.0,True
438,Le Luc,8500,43.394509,6.3132339,Renault captur 1.5 dci intens 90cv 2014 16990 €,83340,0619024715,16990,Pro,2014,17700.0,False
439,Montfavet,173,43.9280929,4.886974,Renault Captur dCi 90 Energy Intens S&S eco²,84140,0620230666,21500,Pro,2014,17700.0,True
440,Aubagne,8000,43.2926781,5.5676425,CAPTUR INTENS ÉNERGY TCe 90 cv haut de gamme,13400,[],16500,Par,2013,15500.0,True
441,Nice,208,43.7101728,7.2619532,Renault captur intense neuve,06000,[],20500,Par,2014,16100.0,True
442,Eguilles,4171,43.5686589,5.354234,Captur peu kilometres 2013,13510,[],19729,Par,2013,16100.0,True
443,Saint-Zacharie,10,43.385168,5.706584,Arrivage captur 10kms,83640,[],16600,Pro,2014,16100.0,True
444,Nice,2,43.7101728,7.2619532,Renault Captur - dCi 90 Energy Intens S&S CAMERA,06200,[],19680,Pro,2014,17700.0,True
445,Pertuis,27500,43.694275,5.501843,Renault Captur 90 DCI INTENS FULL OPTIONS,84120,[],17450,Par,2013,17700.0,False
446,La Croix-Valmer,10100,43.206521,6.568811,Renault captur 90 dci intens pack techno,83420,[],18500,Par,2014,17700.0,True
447,Aubagne,20710,43.2926781,5.5676425,Renault Captur DCI 90 ENERGY BUSINESS,13400,0422170191,16800,Pro,2013,16100.0,True
448,Rians,4500,43.606476,5.7565929,Renault captur 90 dci Intens,83560,[],18900,Pro,2014,17700.0,True
449,Aubagne,27785,43.2926781,5.5676425,Renault Captur DCI 90 ENERGY BUSINESS,13400,0422170191,16200,Pro,2013,16100.0,True
450,Fos-sur-Mer,8,43.437882,4.945711,Renault Captur 1.5 DCI 90 INTENS,13270,0442053000,18990,Pro,2014,17700.0,True
451,La Valette-du-Var,17233,43.13824,5.9875844,Renault Captur DCI 90 ENERGY S&S ECO2 ZEN,83160,0422170181,16900,Pro,2013,16000.0,True
452,Gap,10700,44.559638,6.079758,Renault captur dci 90 cv intens eco²,05000,[],19300,Par,2013,17700.0,True
453,Bouc-Bel-Air,20401,43.451152,5.413875,Renault Captur ENERGY dCi 90 Luxe,13320,[],16900,Pro,2014,17100.0,False
454,Fréjus,3200,43.433152,6.737034,Captur turbo essence collaborateur Renault,83600,[],18000,Par,2013,16100.0,True
455,Fréjus,10171,43.433152,6.737034,Renault captur dci 90ch energy business,83600,0669509220,16790,Pro,2013,16100.0,True
456,Saint-Paul-lès-Dax,5,43.724934,-1.051409,Renault captur dci 90 intens + options 2014 5 km,40990,[],18990,Pro,2014,17700.0,True
457,Tresses,10,44.847789,-0.46405,CAPTUR 1.5 dci intens neuf plusieurs coloris,33370,[],18690,Pro,2014,17700.0,True
458,Bidart,10,43.439236,-1.590062,RENAULT captur 1.5 dci 90cv intense neuve,64210,[],17900,Pro,2014,18300.0,False
459,Bergerac,19993,44.853806,0.483392,RENAULT CAPTUR dCi 90 Energy Business,24100,[],16795,Pro,2014,16100.0,True
460,Bergerac,21048,44.853806,0.483392,Renault Captur dCi 90 Intens EDC,24100,0553636565,16995,Pro,2013,17500.0,False
461,Mérignac,11000,44.8448769,-0.656358,Renault Captur dCi 90 Intens GARANTIE,33700,0557215831,20490,Pro,2013,17700.0,True
462,Bergerac,17084,44.853806,0.483392,Renault Captur dCi 90 Energy S&S eco2 Intens,24100,0553636565,17595,Pro,2014,17700.0,False
463,Mérignac,24353,44.8448769,-0.656358,Renault Captur dCi 90 Energy Business S&S eco²,33700,0825809109,14500,Pro,2014,16100.0,False
464,Mérignac,18013,44.8448769,-0.656358,Renault Captur dCi 90 Energy Business S&S eco²,33700,0698288701,15000,Pro,2014,16100.0,False
465,Mérignac,19520,44.8448769,-0.656358,Renault Captur dCi 90 Energy Business S&S eco²,33700,0825809109,14800,Pro,2014,16100.0,False
466,Uzein,18144,43.399259,-0.432582,Renault Captur dCi 90 Energy Business S&S eco²,64230,0559331638,15000,Pro,2014,16100.0,False
467,Mérignac,22000,44.8448769,-0.656358,Renault Captur dCi 90 Energy Business S&S eco²,33700,0608559898,15200,Pro,2014,16100.0,False
468,Lormont,10,44.880163,-0.523108,Renault Captur DCI 90 ENERGY INTENS S&S ECO²,33310,0582848237,19390,Pro,2014,17700.0,True
469,Lormont,10,44.880163,-0.523108,Renault Captur DCI 90 ENERGY INTENS S&S ECO²,33310,0582848237,19390,Pro,2014,17700.0,True
470,Lormont,10,44.880163,-0.523108,Renault Captur DCI 90 ENERGY INTENS S&S ECO²,33310,0582848237,19390,Pro,2014,17700.0,True
471,Lormont,10,44.880163,-0.523108,Renault Captur DCI 90 ENERGY INTENS S&S ECO²,33310,2539912299,19390,Pro,2014,17700.0,True
472,Urrugne,12000,43.362402,-1.700075,Captur TCe 90 Energy Zen,64122,[],13700,Par,2013,14200.0,False
473,Boé,10,44.159599,0.628594,Renault Captur dCi 90 Energy Intens S&S eco²,47550,2777510380,19490,Pro,2014,17700.0,True
474,Lormont,10,44.880163,-0.523108,Renault Captur DCI 90 ENERGY INTENS S&S ECO²,33310,0582848237,18990,Pro,2014,17700.0,True
475,Mussidan,38000,45.037085,0.364299,Renault captur dci 90ch état neuf,24400,[],15500,Par,2013,18300.0,False
476,Boé,10,44.159599,0.628594,Renault Captur dCi 90 Energy Intens S&S eco²,47550,2777417612,19490,Pro,2014,17700.0,True
477,Lormont,11000,44.880163,-0.523108,Renault Captur DCI 90 ENERGY INTENS S&S ECO²,33310,0582848237,18290,Pro,2014,17700.0,True
478,Agen,9500,44.203142,0.616363,RENAULT CAPTUR Intens Energy dCi 90 eco2,47000,[],17500,Par,2013,17700.0,False
479,Saint-Sever,20850,43.759137,-0.574221,Renault Captur DCI 90 ENERGY ZEN S&S ECO²,40500,0558055326,15990,Pro,2014,16000.0,False
480,Pau,17000,43.2951,-0.370797,Renault Captur TCe 90ch ZEN 17000 km,64000,6400000000,13490,Pro,2013,14200.0,False
481,Mérignac,14768,44.8448769,-0.656358,Renault Captur DCI 90 BUSINESS ECO²,33700,0556120000,16990,Pro,2013,17600.0,False
482,Mont-de-Marsan,23739,43.893485,-0.499782,Renault Captur dCi 90 Energy S&S eco2 Intens,40000,0524449118,18590,Pro,2014,17700.0,True
483,Sérignac-sur-Garonne,10,44.214076,0.484675,Renault captur dci intens en stock,47310,[],19490,Pro,2014,17700.0,True
484,Mugron,11000,43.751052,-0.748762,Renault captur,40250,[],15900,Pro,2013,16100.0,False
485,Pessac,16157,44.80583,-0.630386,Renault Captur DCI 90 ENERGY S&S ECO2 INTENS,33600,0531081450,18500,Pro,2014,17700.0,True
486,Bordeaux,10,44.837789,-0.57918,Renault captur 1.5 dci 90 energy s&s intens eco2,33300,[],19990,Pro,2014,17700.0,True
487,Bidart,14000,43.439236,-1.590062,Renault captur 0.9 tce 90cv ZEN,64210,[],14990,Pro,2013,14200.0,True
488,Escource,16000,44.163863,-1.0328679,Renault captur,40210,[],17000,Par,2014,16100.0,True
489,Le Bouscat,3140,44.865164,-0.59944,Renault Captur TCE 90 ENERGY S&S ECO2 INTENS,33110,0531081574,17490,Pro,2014,15500.0,True
490,Bayonne,21778,43.492949,-1.474841,Renault Captur dCi 90 Energy S&S eco2 Intens,64100,0540017303,17490,Pro,2013,17700.0,False
491,Latresne,19000,44.7864205,-0.498324,Captur intens * dci - 90 cv * année 2014,33360,[],16990,Pro,2014,17700.0,False
492,Eysines,9206,44.885793,-0.648815,Captur intens tce 120 edc 9206 kms,33320,[],17490,Pro,2014,17800.0,False
493,Le Teich,12500,44.635606,-1.0208759,Renault captur essence,33470,[],16500,Par,2014,16100.0,True
494,Bergerac,3576,44.853806,0.483392,Renault Captur dCi 90 Energy Intens S&S eco2,24100,0553636565,17795,Pro,2014,17700.0,True
495,Bidart,10,43.439236,-1.590062,Renault captur intens s&s 0.9 tce 90cv neuf,64210,[],17290,Pro,2014,15500.0,True
496,Pessac,8700,44.80583,-0.630386,Renault Captur Intense 90 essence,33600,[],15900,Par,2013,16100.0,False
497,Périgueux,27000,45.184029,0.7211149,Affaire du mois renault captur,24000,[],16500,Pro,2013,16100.0,True
498,Pessac,29383,44.80583,-0.630386,Renault Captur DCI 90 ENERGY BUSINESS,33600,0531081450,16500,Pro,2013,16100.0,True
499,Lormont,20750,44.880163,-0.523108,Renault Captur DCI 90 ENERGY BUSINESS,33310,0531081576,16490,Pro,2013,16100.0,True
500,Mérignac,63000,44.8448769,-0.656358,Renault Captur,33700,0669093874,14500,Pro,2013,16100.0,False
501,Biscarrosse,21500,44.3946602,-1.164218,Renault Captur Intens Energy dCi 90 eco²,40600,[],18290,Pro,2013,17700.0,True
502,Biscarrosse,8900,44.3946602,-1.164218,Renault Captur Intens dCi 90 EDC eco²,40600,[],19490,Pro,2014,17500.0,True
503,Salignac,13360,45.015554,-0.379659,Renault captur energy business gps 13360 kms,33240,[],17200,Pro,2014,16100.0,True
504,Mourenx,18000,43.368262,-0.620552,Renault captur 1.5 dci 90 energy s&s business eco2,64150,[],16590,Pro,2014,16100.0,True
505,La Teste-de-Buch,10,44.631077,-1.148224,Renault Captur DCI 90 ENERGY INTENS S&S ECO²,33260,2453818836,19290,Pro,2014,17700.0,True
506,Bayonne,4633,43.492949,-1.474841,Renault Captur dCi 90 Energy S&S eco2 Intens,64100,0540017303,18490,Pro,2014,17700.0,True
507,Bergerac,19734,44.853806,0.483392,Renault Captur dCi 90 Business EDC,24100,0553636565,17595,Pro,2014,17600.0,False
508,La Teste-de-Buch,17897,44.631077,-1.148224,Renault Captur TCe 90 Intens,33260,0557525270,17490,Pro,2014,15500.0,True
509,Trélissac,20116,45.196131,0.77911,Renault Captur dCi 90 Energy Business,24750,0634905428,16800,Pro,2014,16100.0,True
510,Capbreton,28830,43.637844,-1.420939,Renault captur intens energy dci 90 ch,40130,[],15990,Pro,2013,17700.0,False
511,Le Haillan,10,44.873167,-0.677914,RENAULT CAPTUR DCI 90 cv INTENS ECO² NEUF,33185,[],18950,Pro,2014,17700.0,True
512,Mont-de-Marsan,12377,43.893485,-0.499782,Renault Captur dCi 90 Energy S&S eco2 Zen,40000,0524449118,16890,Pro,2014,16000.0,True
513,Pessac,10541,44.80583,-0.630386,Renault Captur DCI 90 ENERGY S&S ECO2 ZEN,33600,0531081450,15900,Pro,2013,16000.0,False
514,Parentis-en-Born,16492,44.35262,-1.0729979,Renault Captur DCI 90 ENERGY BUSINESS S&S ECO²,40160,0558784350,16990,Pro,2014,16100.0,True
515,Dax,10,43.708608,-1.051945,Renault Captur dCi 90 Energy Intens S&S eco²,40100,0582848036,18990,Pro,2014,17700.0,True
516,Bayonne,10,43.492949,-1.474841,Renault Captur dCi 90 Energy Intens S&S eco²,64100,0535372089,18950,Pro,2013,17700.0,True
517,Mérignac,17400,44.8448769,-0.656358,Renault Captur dCi 90 Energy Zen S&S eco²,33700,0556132965,17490,Pro,2014,16000.0,True
518,Langon,11470,44.555419,-0.245126,Renault Captur dCi 90 Energy Zen S&S eco2,33210,0556634469,16690,Pro,2014,16000.0,True
519,Lormont,5496,44.880163,-0.523108,Renault Captur TCE 120 ZEN EDC,33310,0531081576,16991,Pro,2014,16000.0,True
520,Dax,19459,43.708608,-1.051945,Renault Captur dCi 90 Energy Business,40100,0524449901,16490,Pro,2014,16100.0,True
521,Pau,8650,43.2951,-0.370797,Renault Captur dCi 90 Energy Business,64000,0547200024,17900,Pro,2014,16100.0,True
522,Le Bouscat,4580,44.865164,-0.59944,Renault Captur DCI 90 ENERGY S&S ECO2 ZEN,33110,0531081574,17890,Pro,2014,16000.0,True
523,Port-Sainte-Foy-et-Ponchapt,17000,44.844028,0.210809,Renault CAPTUR dCi 90 energy surequipé pack techno,33220,[],19400,Par,2014,17100.0,True
524,Hendaye,13000,43.359399,-1.766148,Renault captur intense Tce 90cv 2013,64700,0686415358,14200,Par,2013,16100.0,False
525,Bergerac,19993,44.853806,0.483392,Renault Captur dCi 90 Energy Business,24100,0553636565,16795,Pro,2014,16100.0,True
526,Villenave-d'Ornon,7535,44.7799813,-0.5672574,Renault Captur DCI 90 ENERGY S&S ECO2 ZEN,33140,0531081640,17990,Pro,2014,16000.0,True
527,Léognan,13500,44.727859,-0.59709,Renault Captur Zen Energy dci,33850,[],16190,Par,2013,16000.0,True
528,Lormont,770,44.880163,-0.523108,Renault Captur TCE 120 ZEN EDC,33310,0531081576,18590,Pro,2014,16000.0,True
529,Pessac,10683,44.80583,-0.630386,Renault Captur DCI 90 ENERGY S&S ECO2 INTENS,33600,0531081450,18500,Pro,2014,17700.0,True
530,Orthez,25997,43.48756,-0.7739279,Renault Captur dCi 90 Energy Intens S&S eco²,64300,0559387915,16990,Pro,2013,17700.0,False
531,Pessac,16768,44.80583,-0.630386,Renault Captur DCI 90 ENERGY S&S ECO2 ZEN,33600,0531081450,16500,Pro,2014,16000.0,True
532,Mouguerre,50,43.4669359,-1.415368,Renault Captur dCi 90 Energy Zen S&S eco2,64990,[],18790,Pro,2014,16000.0,True
533,Pau,1190,43.2951,-0.370797,Renault Captur INTENS 1.5 DCI 90 ENERGY,64000,0559028670,19500,Pro,2014,17700.0,True
534,Pau,24896,43.2951,-0.370797,Renault Captur dCi 90 Energy Business,64000,0547200024,15500,Pro,2013,16100.0,False
535,Dax,19500,43.708608,-1.051945,Renault Captur dCi 90 Energy S&S eco2 Intens,40100,0524449901,18490,Pro,2014,17700.0,True
536,Dax,21000,43.708608,-1.051945,Renault Captur dCi 90 Energy Business,40100,0524449901,17990,Pro,2014,16100.0,True
537,Dax,18500,43.708608,-1.051945,Renault Captur dCi 90 Energy S&S eco2 Intens,40100,0524449901,18490,Pro,2014,17700.0,True
538,Trélissac,6703,45.196131,0.77911,Renault Captur dCi 90 Intens EDC,24750,0634905428,19800,Pro,2014,17500.0,True
539,Mérignac,1,44.8448769,-0.656358,Renault Captur DCi 90 Intens+Camera NEUF -18%STOCK,33700,[],18490,Pro,2014,18300.0,True
540,Oloron-Sainte-Marie,16670,43.194413,-0.605292,Renault Captur TCe 120 Intens EDC,64400,0531081516,17500,Pro,2013,17800.0,False
541,Le Bouscat,12839,44.865164,-0.59944,Renault Captur DCI 90 ENERGY S&S ECO2 INTENS,33110,0531081574,17890,Pro,2014,17700.0,True
542,Le Bouscat,22747,44.865164,-0.59944,Renault Captur DCI 90 ENERGY S&S ECO2 INTENS,33110,0531081574,17890,Pro,2014,17700.0,True
543,Oloron-Sainte-Marie,20320,43.194413,-0.605292,Renault Captur dCi 90 Energy Business,64400,0531081516,17300,Pro,2014,16100.0,True
544,Le Bouscat,18193,44.865164,-0.59944,Renault Captur DCI 90 ENERGY S&S ECO2 INTENS,33110,0531081574,17890,Pro,2014,17700.0,True
545,Le Bouscat,14763,44.865164,-0.59944,Renault Captur TCE 90 ENERGY S&S ECO2 INTENS,33110,0531081574,17590,Pro,2014,15500.0,True
546,Mont-de-Marsan,20,43.893485,-0.499782,Renault Captur DCI 90 cv Energy Intens Stop&Start,40000,[],18990,Pro,2014,17700.0,True
547,Saint-Macaire,11000,44.565289,-0.226334,RENAULT CAPTUR DCI 90 Energie Intens,33490,[],17880,Pro,2014,17700.0,True
548,Pessac,14417,44.80583,-0.630386,Renault Captur DCI 90 ENERGY S&S ECO2 INTENS,33600,0531081450,18500,Pro,2014,17700.0,True
549,Pessac,15640,44.80583,-0.630386,Renault Captur DCI 90 ENERGY S&S ECO2 INTENS,33600,0531081450,18500,Pro,2014,17700.0,True
550,Lormont,18403,44.880163,-0.523108,Renault Captur DCI 90 ENERGY S&S ECO2 INTENS,33310,0531081576,17891,Pro,2014,17700.0,True
551,Lormont,9118,44.880163,-0.523108,Renault Captur DCI 90 ENERGY BUSINESS,33310,0531081576,17390,Pro,2014,16100.0,True
552,Pau,22849,43.2951,-0.370797,Renault Captur dCi 90 Energy Zen S&S eco2,64000,0547200024,15990,Pro,2013,16000.0,False
553,Saint-Loubès,7100,44.916735,-0.4271,Renault captur,33450,[],18000,Par,2014,16100.0,True
554,Issigeac,7300,44.730741,0.607473,Renault Captur Intens DCI 90 EDC eco2 18% remise,24560,[],19700,Pro,2013,18300.0,True
555,Saint-Jean-de-Luz,23600,43.388051,-1.663055,Captur Business Energy dCi 90 eco² - 23600 Kms -,64500,[],16500,Pro,2014,16100.0,True
556,Trélissac,15688,45.196131,0.77911,Renault Captur dCi 90 Energy Intens S&S eco2,24750,0634905428,17400,Pro,2014,17700.0,False
557,Dax,6999,43.708608,-1.051945,Renault Captur dCi 90 Energy Zen S&S eco2,40100,0524449901,16990,Pro,2014,16000.0,True
558,Trélissac,14082,45.196131,0.77911,Renault Captur dCi 90 Energy Intens S&S eco2,24750,0634905428,17400,Pro,2014,17700.0,False
559,Mont-de-Marsan,10,43.893485,-0.499782,Renault Captur 1.5 DCI 90 ENERGY INTENS PK TECHNO,40000,0558859191,19990,Pro,2014,17700.0,True
560,Soulac-sur-Mer,25000,45.515125,-1.123258,Renault Captur,33780,[],18000,Par,2013,16100.0,True
561,Lormont,9418,44.880163,-0.523108,Renault Captur DCI 90 ENERGY BUSINESS,33310,0531081576,17790,Pro,2014,16100.0,True
562,Parentis-en-Born,5,44.35262,-1.0729979,Renault Captur DCI 90 ENERGY INTENS S&S ECO²,40160,0558784350,19990,Pro,2014,17700.0,True
563,Bergerac,19960,44.853806,0.483392,Captur Business Energy dCi 90 eco²,24100,[],16795,Pro,2013,16100.0,True
564,Saint-Martin-de-Seignanx,1500,43.544854,-1.386248,CAPTUR INTENS dCi 90 FAP,40390,0559563596,19500,Pro,2014,17700.0,True
565,Bayonne,61,43.492949,-1.474841,Captur intens dci 90,64100,[],19520,Pro,2014,17700.0,True
566,Bayonne,23,43.492949,-1.474841,Renault Captur dci 90 intens,64100,[],19290,Pro,2014,17700.0,True
567,Bergerac,3023,44.853806,0.483392,Renault Captur dCi 90 Energy Intens S&S eco2,24100,0553636565,19595,Pro,2014,17700.0,True
568,64460,1,43.3584189,-0.0466559,Renault Captur,[],[],18200,Pro,2014,16100.0,True
569,Lesparre-Médoc,3900,45.305814,-0.93519,Renault Captur ZEN DCI 90,33340,0556410095,17990,Pro,2014,16000.0,True
570,Pau,11270,43.2951,-0.370797,Renault Captur INTENS 1.5 DCI 90 ENERGY,64000,0559028670,17990,Pro,2013,17700.0,True
571,Libourne,12729,44.912998,-0.243985,Renault Captur Dci 90 energy zen s&s eco2,33500,0557244071,16800,Pro,2013,16000.0,True
572,Saint-Vincent-de-Paul,5404,44.9560869,-0.469539,Captur dci 90 intens,40990,[],18990,Pro,2014,17700.0,True
573,Saint-Jean-de-Luz,10,43.388051,-1.663055,Captur INTENS Energy dCi 90 - 0 Kms-,64500,[],19500,Pro,2014,17700.0,True
574,Mont-de-Marsan,20288,43.893485,-0.499782,Renault Captur dCi 90 Energy Business,40000,0524449118,16590,Pro,2013,16100.0,True
575,Bordeaux,10,44.837789,-0.57918,Renault Captur TCe 90 Energy S&S eco2 Zen,33000,0557818910,16950,Pro,2014,14200.0,True
576,Notre-Dame-de-Sanilhac,15000,45.121311,0.71385,Renault captur,24660,[],19500,Par,2014,16100.0,True
577,Bergerac,18503,44.853806,0.483392,Renault Captur dCi 90 Energy Intens S&S eco2,24100,0553636565,17395,Pro,2014,17700.0,False
578,Trélissac,26409,45.196131,0.77911,Renault Captur dCi 90 Energy Intens S&S eco2,24750,0634905428,16900,Pro,2013,17700.0,False
579,Bayonne,1550,43.492949,-1.474841,Renault Captur dCi 90 Zen EDC,64100,0540017303,18490,Pro,2014,16200.0,True
580,Castillon-la-Bataille,8000,44.852067,-0.043008,Renault Captur,33350,[],16500,Par,2013,16100.0,True
581,Villeneuve-sur-Lot,25230,44.4082053,0.7072568,Renault captur business dci 90cv,47300,0553401774,16900,Pro,2013,17600.0,False
582,Tresses,350,44.847789,-0.46405,Captur tce 90 energy intens RLINK,33370,[],18990,Pro,2014,15500.0,True
583,Bordeaux,18500,44.837789,-0.57918,Renault Captur TCe 120 Zen EDC,33000,0557818910,15990,Pro,2013,16000.0,False
584,Le Bouscat,11565,44.865164,-0.59944,Renault Captur DCI 90 ENERGY S&S ECO2 INTENS,33110,0531081574,18290,Pro,2014,17700.0,True
585,Villenave-d'Ornon,21263,44.7799813,-0.5672574,Renault Captur DCI 90 ENERGY BUSINESS,33140,0531081640,15990,Pro,2013,16100.0,False
586,Mérignac,5700,44.8448769,-0.656358,Captur dc1 90 intens energy noir/orange 03/2014,33700,[],19150,Par,2014,15500.0,True
587,Agen,13000,44.203142,0.616363,Renault captur 2014 etat neuf,47000,0677287675,17800,Par,2014,16100.0,True
588,Anglet,10,43.481402,-1.514699,Renault Captur dCi 90 Energy Intens S&S eco2,64600,0611648631,17990,Pro,2014,17700.0,True
589,Pessac,6923,44.80583,-0.630386,Renault Captur DCI 90 ENERGY S&S ECO2 ZEN,33600,0531081450,17500,Pro,2014,16000.0,True
590,Pessac,24127,44.80583,-0.630386,Renault Captur DCI 90 ENERGY BUSINESS,33600,0531081450,16500,Pro,2013,16100.0,True
591,Pessac,23752,44.80583,-0.630386,Renault Captur DCI 90 ENERGY BUSINESS,33600,0531081450,16500,Pro,2013,16100.0,True
592,Pessac,14351,44.80583,-0.630386,Renault Captur DCI 90 ENERGY S&S ECO2 INTENS,33600,0531081450,18500,Pro,2014,17700.0,True
593,Pessac,37241,44.80583,-0.630386,Renault Captur DCI 90 ENERGY S&S ECO2 ZEN,33600,0531081450,15900,Pro,2013,16000.0,False
