"ID","BRAND","MODEL","VERSION","YEAR","MILEAGE","PRICE","PHONE","TYPE","CASCO","LATITUDE","LONGITUDE"
"727713053","renault","captur","1.5 DCI 90 ENERGY S&S ZEN ECO2",2014,11000,18290,"0682848237","professionnel",16000,44.880163,-0.523108
"703941723","renault","captur","NA",2014,5,18990,"0658748851","professionnel","NA",43.724934,-1.051409
"672330589","renault","captur","1.5 DCI 90 INTENS EDC",2014,10,18690,"0655945877","professionnel",17500,44.847789,-0.4640499999999999
"703838141","renault","captur","1.5 DCI 90 ZEN EDC",2014,10,17900,"0612212812","professionnel",16200,43.439236,-1.590062
"727719509","renault","captur","1.5 DCI 90 ENERGY S&S ZEN ECO2",2014,17400,17490,"NA","professionnel",16000,44.8448769,-0.656358
"701934240","renault","captur","1.2 TCE 120 ZEN EDC",2014,19993,16795,"NA","professionnel",16000,44.853806,0.483392
"727713036","renault","captur","1.5 DCI 90 ENERGY S&S ZEN ECO2",2014,10,19390,"NA","professionnel",16000,44.880163,-0.523108
"727711980","renault","captur","1.5 DCI 90 ENERGY S&S ZEN ECO2",2014,10,19490,"NA","professionnel",16000,44.1749628,0.6441101
"727713274","renault","captur","1.5 DCI 90 ENERGY S&S ZEN ECO2",2014,10,19390,"NA","professionnel",16000,44.880163,-0.523108
"727622345","renault","captur","1.2 TCE 120 ZEN EDC",2013,21048,16995,"NA","professionnel",16000,44.853806,0.483392
"727358409","renault","captur","1.2 TCE 120 ZEN EDC",2013,11000,20490,"NA","professionnel",16000,44.8448769,-0.656358
"727712746","renault","captur","1.5 DCI 90 ENERGY S&S ZEN ECO2",2014,10,19390,"NA","professionnel",16000,44.880163,-0.523108
"727713348","renault","captur","1.5 DCI 90 ENERGY S&S ZEN ECO2",2014,10,19390,"NA","professionnel",16000,44.880163,-0.523108
"727622331","renault","captur","1.5 DCI 90 ENERGY S&S ZEN ECO2",2014,17084,17595,"NA","professionnel",16000,44.853806,0.483392
"727711994","renault","captur","1.5 DCI 90 ENERGY S&S ZEN ECO2",2014,10,19490,"NA","professionnel",16000,44.1749628,0.6441101
"727307360","renault","captur","1.5 DCI 90 ENERGY S&S BUSINESS ECO2",2014,24353,14500,"NA","professionnel",16100,44.8448769,-0.656358
"727314350","renault","captur","1.5 DCI 90 ENERGY S&S BUSINESS ECO2",2014,18013,15000,"NA","professionnel",16100,44.8448769,-0.656358
"727310302","renault","captur","1.5 DCI 90 ENERGY S&S BUSINESS ECO2",2014,19520,14800,"NA","professionnel",16100,44.8448769,-0.656358
"727284362","renault","captur","1.5 DCI 90 ENERGY S&S BUSINESS ECO2",2014,18144,15000,"NA","professionnel",16100,43.399259,-0.432582
"727713256","renault","captur","1.5 DCI 90 ENERGY S&S ZEN ECO2",2014,10,18990,"NA","professionnel",16000,44.880163,-0.523108
"727283049","renault","captur","1.5 DCI 90 ENERGY S&S BUSINESS ECO2",2014,22000,15200,"NA","professionnel",16100,44.8448769,-0.656358
"717283701","renault","captur","1.5 DCI 90 INTENS EDC",2014,400,19490,"NA","professionnel",17500,45.027155,-0.798488
"726343642","renault","captur","1.5 DCI 90 ENERGY S&S ZEN ECO2",2014,20850,15990,"NA","professionnel",16000,43.759137,-0.574221
"726247550","renault","captur","1.2 TCE 120 ZEN EDC",2013,17000,13490,"NA","professionnel",16000,43.2951,-0.370797
"713124140","renault","captur","1.5 DCI 90 ZEN EDC",2013,14768,16990,"NA","professionnel",16200,44.8448769,-0.656358
"726235040","renault","captur","1.5 DCI 90 ENERGY S&S ZEN ECO2",2014,23739,18590,"NA","professionnel",16000,43.893485,-0.4997819999999999
"679339956","renault","captur","1.5 DCI 90 INTENS EDC",2014,10,19490,"NA","professionnel",17500,44.214076,0.484675
"705474714","renault","captur","1.5 DCI 90 ZEN EDC",2013,11000,15900,"NA","professionnel",16200,43.751052,-0.7487619999999999
"726235200","renault","captur","1.5 DCI 90 ENERGY S&S ZEN ECO2",2014,16157,18500,"NA","professionnel",16000,44.80583,-0.630386
"719879769","renault","captur","1.5 DCI 90 INTENS EDC",2014,13800,17400,"NA","professionnel",17500,45.145202,0.52778
"726080018","renault","captur","1.5 DCI 90 ENERGY S&S INTENS ECO2",2014,10,19990,"NA","professionnel",17700,44.8772685,-0.554149
"702657374","renault","captur","0.9 TCE 90 ENERGY S&S ZEN ECO2",2013,14000,14990,"NA","professionnel",14200,43.439236,-1.590062
"726235678","renault","captur","0.9 TCE 90 ENERGY S&S INTENS ECO2",2014,3140,17490,"NA","professionnel",15500,44.865164,-0.59944
"726198674","renault","captur","1.5 DCI 90 ENERGY S&S ZEN ECO2",2013,21778,17490,"NA","professionnel",16000,43.492949,-1.474841
"723311528","renault","captur","1.5 DCI 90 INTENS EDC",2014,19000,16990,"NA","professionnel",17500,44.7864205,-0.498324
"722532663","renault","captur","1.2 TCE 120 INTENS EDC",2014,9206,17490,"NA","professionnel",17800,44.885793,-0.6488149999999999
"725804986","renault","captur","1.5 DCI 90 ENERGY S&S ZEN ECO2",2014,3576,17795,"NA","professionnel",16000,44.853806,0.483392
"707752094","renault","captur","1.2 TCE 120 ZEN EDC",2014,10,17290,"NA","professionnel",16000,43.439236,-1.590062
"715727069","renault","captur","1.5 DCI 90 ENERGY S&S INTENS ECO2",2013,27000,16500,"NA","professionnel",17700,45.184029,0.7211149
"725420660","renault","captur","1.2 TCE 120 ZEN EDC",2013,29383,16500,"NA","professionnel",16000,44.80583,-0.630386
"725420633","renault","captur","1.2 TCE 120 ZEN EDC",2013,20750,16490,"NA","professionnel",16000,44.880163,-0.523108
"722812901","renault","captur","1.5 DCI 90 ENERGY ARIZONA ECO2",2013,63000,14500,"NA","professionnel",17100,44.8448769,-0.656358
"715266057","renault","captur","1.2 TCE 120 ZEN EDC",2013,21500,18290,"NA","professionnel",16000,44.3946602,-1.164218
"715256644","renault","captur","1.2 TCE 120 ZEN EDC",2014,8900,19490,"NA","professionnel",16000,44.3946602,-1.164218
"724846993","renault","captur","1.5 DCI 90 BUSINESS EDC",2014,13360,17200,"NA","professionnel",17600,45.01555399999999,-0.379659
"699306136","renault","captur","1.2 TCE 120 ZEN EDC",2014,18000,16590,"NA","professionnel",16000,43.368262,-0.6205520000000001
"725011730","renault","captur","1.5 DCI 90 ENERGY S&S ZEN ECO2",2014,10,19290,"NA","professionnel",16000,44.5628136,-1.1929114
"724921066","renault","captur","1.5 DCI 90 ENERGY S&S ZEN ECO2",2014,4633,18490,"NA","professionnel",16000,43.492949,-1.474841
"724947239","renault","captur","1.2 TCE 120 ZEN EDC",2014,19734,17595,"NA","professionnel",16000,44.853806,0.483392
"724948438","renault","captur","1.2 TCE 120 ZEN EDC",2014,17897,17490,"NA","professionnel",16000,44.5628136,-1.1929114
"724491960","renault","captur","1.2 TCE 120 ZEN EDC",2014,20116,16800,"NA","professionnel",16000,45.196131,0.77911
"716594949","renault","captur","1.5 DCI 90 ZEN EDC",2013,28830,15990,"NA","professionnel",16200,43.637844,-1.420939
"698243455","renault","captur","1.5 DCI 90 ZEN EDC",2014,10,18950,"NA","professionnel",16200,44.873167,-0.677914
"724524492","renault","captur","1.5 DCI 90 ENERGY S&S ZEN ECO2",2014,12377,16890,"NA","professionnel",16000,43.893485,-0.4997819999999999
"678526447","renault","captur","1.5 DCI 90 ENERGY S&S ZEN ECO2",2013,10541,15900,"NA","professionnel",16000,44.80583,-0.630386
"666963587","NA","NA","0.9 TCE 90 ENERGY S&S INTENS ECO2",2014,20,18690,"NA","professionnel",15500,44.8350088,-0.5872689999999999
"723460734","renault","captur","1.5 DCI 90 ENERGY S&S BUSINESS ECO2",2014,16492,16990,"NA","professionnel",16100,44.35261999999999,-1.0729979
"702820277","renault","captur","1.5 DCI 90 ENERGY S&S ZEN ECO2",2014,10,18990,"NA","professionnel",16000,43.708608,-1.051945
"702473939","renault","captur","1.5 DCI 90 ENERGY S&S ZEN ECO2",2013,10,18950,"NA","professionnel",16000,43.492949,-1.474841
"723073943","renault","captur","1.5 DCI 90 ENERGY S&S ZEN ECO2",2014,11470,16690,"NA","professionnel",16000,44.555419,-0.245126
"723094022","renault","captur","1.2 TCE 120 ZEN EDC",2014,5496,16991,"NA","professionnel",16000,44.880163,-0.523108
"723074123","renault","captur","1.2 TCE 120 ZEN EDC",2014,19459,16490,"NA","professionnel",16000,43.708608,-1.051945
"723057333","renault","captur","1.2 TCE 120 ZEN EDC",2014,8650,17900,"NA","professionnel",16000,43.2951,-0.370797
"723094610","renault","captur","1.5 DCI 90 ENERGY S&S ZEN ECO2",2014,4580,17890,"NA","professionnel",16000,44.865164,-0.59944
"701997289","renault","captur","1.5 DCI 90 ENERGY ARIZONA ECO2",2014,19993,16795,"NA","professionnel",17100,44.853806,0.483392
"702049567","renault","captur","1.5 DCI 90 ENERGY S&S ZEN ECO2",2014,7535,17990,"NA","professionnel",16000,44.7799813,-0.5672574
"722217351","renault","captur","1.2 TCE 120 ZEN EDC",2014,770,18590,"NA","professionnel",16000,44.880163,-0.523108
"722019223","renault","captur","1.2 TCE 120 INTENS EDC",2014,11000,19900,"NA","professionnel",17800,43.35919699999999,-0.243846
"721894171","renault","captur","1.5 DCI 90 INTENS EDC",2013,31103,16500,"NA","professionnel",17500,44.3946602,-1.164218
"701264753","renault","captur","1.5 DCI 90 ENERGY S&S ZEN ECO2",2014,10683,18500,"NA","professionnel",16000,44.80583,-0.630386
"701306472","renault","captur","1.5 DCI 90 ENERGY S&S ZEN ECO2",2013,25997,16990,"NA","professionnel",16000,43.48755999999999,-0.7739279
"721311991","renault","captur","1.5 DCI 90 ENERGY S&S ZEN ECO2",2014,16768,16500,"NA","professionnel",16000,44.80583,-0.630386
"695845987","renault","captur","1.5 DCI 90 ENERGY S&S ZEN ECO2",2014,50,18790,"NA","professionnel",16000,43.4669359,-1.415368
"699981733","renault","captur","1.5 DCI 90 ZEN EDC",2014,1190,18990,"NA","professionnel",16200,43.2951,-0.370797
"682181108","renault","captur","1.2 TCE 120 ZEN EDC",2013,24896,15500,"NA","professionnel",16000,43.2951,-0.370797
"719972101","renault","captur","1.5 DCI 90 ENERGY S&S ZEN ECO2",2014,19500,18490,"NA","professionnel",16000,43.708608,-1.051945
"719972121","renault","captur","1.2 TCE 120 ZEN EDC",2014,21000,17990,"NA","professionnel",16000,43.708608,-1.051945
"719972105","renault","captur","1.5 DCI 90 ENERGY S&S ZEN ECO2",2014,18500,18490,"NA","professionnel",16000,43.708608,-1.051945
"719971258","renault","captur","1.2 TCE 120 ZEN EDC",2014,6703,19800,"NA","professionnel",16000,45.196131,0.77911
"635204267","renault","captur","1.5 DCI 90 ENERGY S&S ZEN ECO2",2014,1,18490,"NA","professionnel",16000,44.8448769,-0.656358
"719147034","renault","captur","1.2 TCE 120 ZEN EDC",2013,16670,17500,"NA","professionnel",16000,43.194413,-0.6052919999999999
"718945077","renault","captur","1.5 DCI 90 ENERGY S&S ZEN ECO2",2014,12839,17890,"NA","professionnel",16000,44.865164,-0.59944
"718944993","renault","captur","1.5 DCI 90 ENERGY S&S ZEN ECO2",2014,22747,17890,"NA","professionnel",16000,44.865164,-0.59944
"719147049","renault","captur","1.2 TCE 120 ZEN EDC",2014,20320,17300,"NA","professionnel",16000,43.194413,-0.6052919999999999
"718945204","renault","captur","1.5 DCI 90 ENERGY S&S ZEN ECO2",2014,18193,17890,"NA","professionnel",16000,44.865164,-0.59944
"718944946","renault","captur","0.9 TCE 90 ENERGY S&S INTENS ECO2",2014,14763,17590,"NA","professionnel",15500,44.865164,-0.59944
"687173969","renault","captur","1.5 DCI 90 INTENS EDC",2014,20,18990,"NA","professionnel",17500,43.893485,-0.4997819999999999
"718300799","renault","captur","1.2 TCE 120 ZEN EDC",2014,11000,17880,"NA","professionnel",16000,44.565289,-0.226334
"718359623","renault","captur","1.5 DCI 90 ENERGY S&S ZEN ECO2",2014,14417,18500,"NA","professionnel",16000,44.80583,-0.630386
"718359687","renault","captur","1.5 DCI 90 ENERGY S&S ZEN ECO2",2014,15640,18500,"NA","professionnel",16000,44.80583,-0.630386
"717557420","renault","captur","1.5 DCI 90 ENERGY S&S ZEN ECO2",2014,18403,17891,"NA","professionnel",16000,44.880163,-0.523108
"717557272","renault","captur","1.2 TCE 120 ZEN EDC",2014,9118,17390,"NA","professionnel",16000,44.880163,-0.523108
"717152661","renault","captur","1.5 DCI 90 ENERGY S&S ZEN ECO2",2013,22849,15990,"NA","professionnel",16000,43.2951,-0.370797
"716715060","renault","captur","1.5 DCI 90 ZEN EDC",2013,7300,19700,"NA","professionnel",16200,44.73074099999999,0.6074729999999999
"716644503","renault","captur","1.5 DCI 90 BUSINESS EDC",2014,23600,16500,"NA","professionnel",17600,43.388051,-1.663055
"716340218","renault","captur","1.5 DCI 90 ENERGY S&S ZEN ECO2",2014,15688,17400,"NA","professionnel",16000,45.196131,0.77911
"716341226","renault","captur","1.5 DCI 90 ENERGY S&S ZEN ECO2",2014,6999,16990,"NA","professionnel",16000,43.708608,-1.051945
"716340197","renault","captur","1.5 DCI 90 ENERGY S&S ZEN ECO2",2014,14082,17400,"NA","professionnel",16000,45.196131,0.77911
"647753059","renault","captur","1.5 DCI 90 ZEN EDC",2014,10,19990,"NA","professionnel",16200,43.893485,-0.4997819999999999
"715469918","renault","captur","1.2 TCE 120 ZEN EDC",2014,9418,17790,"NA","professionnel",16000,44.880163,-0.523108
"714505868","renault","captur","1.5 DCI 90 ENERGY S&S ZEN ECO2",2014,5,19990,"NA","professionnel",16000,44.35261999999999,-1.0729979
"705010195","renault","captur","1.5 DCI 90 ZEN EDC",2013,19960,16795,"NA","professionnel",16200,44.853806,0.483392
"714055508","renault","captur","1.5 DCI 90 INTENS EDC",2014,1500,19500,"NA","professionnel",17500,43.544854,-1.386248
"705025449","renault","captur","1.5 DCI 90 ENERGY S&S INTENS ECO2",2014,61,19520,"NA","professionnel",17700,43.492949,-1.474841
"682495936","renault","captur","1.5 DCI 90 INTENS EDC",2014,23,19290,"NA","professionnel",17500,43.492949,-1.474841
"714126864","renault","captur","1.5 DCI 90 ENERGY S&S ZEN ECO2",2014,3023,19595,"NA","professionnel",16000,44.853806,0.483392
"679523840","renault","captur","1.5 DCI 90 ENERGY ARIZONA ECO2",2014,1,18200,"NA","professionnel",17100,43.3584189,-0.0466559
"713784419","renault","captur","1.5 DCI 90 ZEN EDC",2014,3900,17990,"NA","professionnel",16200,45.305814,-0.93519
"713780299","renault","captur","1.5 DCI 90 ZEN EDC",2013,11270,17990,"NA","professionnel",16200,43.2951,-0.370797
"713309654","renault","captur","1.5 DCI 90 ENERGY S&S ZEN ECO2",2013,12729,16800,"NA","professionnel",16000,44.91299799999999,-0.243985
"712757607","renault","captur","1.5 DCI 90 INTENS EDC",2014,5404,18990,"NA","professionnel",17500,43.7478,-0.9974999999999999
"686584845","renault","captur","1.5 DCI 90 INTENS EDC",2014,10,19500,"NA","professionnel",17500,43.388051,-1.663055
"712683771","renault","captur","1.5 DCI 90 ZEN EDC",2013,20288,16590,"NA","professionnel",16200,43.893485,-0.4997819999999999
"692495364","renault","captur","0.9 TCE 90 ENERGY S&S ZEN ECO2",2014,10,16950,"NA","professionnel",14200,44.8350088,-0.5872689999999999
"691846560","renault","captur","1.5 DCI 90 ENERGY S&S ZEN ECO2",2014,18503,17395,"NA","professionnel",16000,44.853806,0.483392
"654462892","renault","captur","1.5 DCI 90 ENERGY S&S ZEN ECO2",2013,26409,16900,"NA","professionnel",16000,45.196131,0.77911
"710987085","renault","captur","1.2 TCE 120 ZEN EDC",2014,1550,18490,"NA","professionnel",16000,43.492949,-1.474841
"685909853","renault","captur","1.5 DCI 90 BUSINESS EDC",2013,25230,16900,"NA","professionnel",17600,44.3988761,0.7614019
"663965572","renault","captur","0.9 TCE 90 ENERGY S&S INTENS ECO2",2014,350,18990,"NA","professionnel",15500,44.847789,-0.4640499999999999
"708879923","renault","captur","1.2 TCE 120 ZEN EDC",2013,18500,15990,"NA","professionnel",16000,44.8350088,-0.5872689999999999
"707666099","renault","captur","1.5 DCI 90 ENERGY S&S ZEN ECO2",2014,11565,18290,"NA","professionnel",16000,44.865164,-0.59944
"707253504","renault","captur","1.2 TCE 120 ZEN EDC",2013,21263,15990,"NA","professionnel",16000,44.7799813,-0.5672574
"687513248","renault","captur","1.5 DCI 90 ENERGY S&S ZEN ECO2",2014,10,17990,"NA","professionnel",16000,43.481402,-1.514699
"682226503","renault","captur","1.5 DCI 90 ENERGY S&S ZEN ECO2",2014,6923,17500,"NA","professionnel",16000,44.80583,-0.630386
"643911295","renault","captur","1.2 TCE 120 ZEN EDC",2013,24127,16500,"NA","professionnel",16000,44.80583,-0.630386
"704916316","renault","captur","NA",2014,40,19900,"NA","professionnel","NA",43.481402,-1.514699
"704812405","renault","captur","1.2 TCE 120 ZEN EDC",2013,23752,16500,"NA","professionnel",16000,44.80583,-0.630386
"704812320","renault","captur","1.5 DCI 90 ENERGY S&S ZEN ECO2",2014,14351,18500,"NA","professionnel",16000,44.80583,-0.630386
"704812525","renault","captur","1.5 DCI 90 ENERGY S&S ZEN ECO2",2013,37241,15900,"NA","professionnel",16000,44.80583,-0.630386
"727645059","renault","captur","1.5 DCI 90 ENERGY S&S INTENS ECO2",2014,17800,20900,"NA","particulier",17700,45.414368,0.944163
"726896064","renault","captur","0.9 TCE 90 ENERGY S&S ZEN ECO2",2013,12000,13700,"NA","particulier",14200,43.362402,-1.700075
"726807624","renault","captur","1.5 DCI 90 ENERGY ARIZONA ECO2",2013,38000,15500,"NA","particulier",17100,45.037085,0.364299
"726709299","renault","captur","1.2 TCE 120 ZEN EDC",2013,9500,17500,"NA","particulier",16000,44.2035321,0.6251540999999999
"681342863","renault","captur","1.5 DCI 90 ENERGY S&S INTENS ECO2",2014,16000,17000,"NA","particulier",17700,44.163863,-1.0328679
"725233676","renault","captur","0.9 TCE 90 ENERGY ARIZONA ECO2",2014,12500,16500,"NA","particulier",16100,44.635606,-1.0208759
"725279088","renault","captur","NA",2013,8700,15900,"NA","particulier","NA",44.80583,-0.630386
"725185524","renault","captur","1.2 TCE 120 ZEN EDC",2013,16000,17000,"NA","particulier",16000,43.664733,-1.396221
"712104150","renault","captur","1.5 DCI 90 ZEN EDC",2014,17000,19400,"NA","particulier",16200,44.84402799999999,0.210809
"697789219","renault","captur","0.9 TCE 90 ENERGY S&S INTENS ECO2",2013,13000,14200,"NA","particulier",15500,43.359399,-1.766148
"722352522","renault","captur","1.5 DCI 90 ENERGY S&S ZEN ECO2",2013,13500,16190,"NA","particulier",16000,44.727859,-0.59709
"721480583","renault","captur","1.5 DCI 90 INTENS EDC",2014,4850,18800,"NA","particulier",17500,43.692694,-1.384908
"720306402","NA","NA","NA",2012,15000,11800,"NA","particulier","NA",43.708608,-1.051945
"716961317","renault","captur","1.5 DCI 90 ENERGY S&S INTENS ECO2",2014,7100,18000,"NA","particulier",17700,44.916735,-0.4271
"715219899","renault","captur","1.5 DCI 90 ENERGY S&S ZEN ECO2",2013,25000,18000,"NA","particulier",16000,45.515125,-1.123258
"711701448","renault","captur","1.5 DCI 90 ENERGY S&S INTENS ECO2",2014,15000,19500,"NA","particulier",17700,45.121311,0.71385
"710588248","renault","captur","1.5 DCI 90 ZEN EDC",2013,8000,16500,"NA","particulier",16200,44.852067,-0.043008
"710038485","NA","NA","1.5 DCI 90 ZEN EDC",2013,18000,18990,"NA","particulier",16200,44.8305549,-0.527552
"706635491","renault","captur","1.5 DCI 90 ZEN EDC",2014,5700,19150,"NA","particulier",16200,44.8448769,-0.656358
"705924778","renault","captur","1.5 DCI 90 INTENS EDC",2014,13000,17800,"NA","particulier",17500,44.2035321,0.6251540999999999
"702554252","NA","NA","1.2 TCE 120 ZEN EDC",2014,1000,19900,"NA","particulier",16000,43.2951,-0.370797
"727655333","renault","captur","1.5 DCI 90 INTENS EDC",2014,10,19840,"NA","professionnel",17500,48.911358,2.8281139
"716161502","renault","captur","1.5 DCI 90 ZEN EDC",2013,14697,15200,"NA","professionnel",16200,48.730756,2.27137
"715687557","renault","captur","1.5 DCI 90 BUSINESS EDC",2013,13799,14500,"NA","professionnel",17600,48.730756,2.27137
"727655235","renault","captur","1.2 TCE 120 INTENS EDC",2014,10,19640,"NA","professionnel",17800,48.911358,2.8281139
"727626290","renault","captur","1.5 DCI 90 ZEN EDC",2014,10,20602,"NA","professionnel",16200,48.760344,2.387405
"727623829","renault","captur","1.2 TCE 120 ZEN EDC",2014,10,17560,"NA","professionnel",16000,48.760344,2.387405
"727711876","renault","captur","1.5 DCI 90 ENERGY S&S INTENS ECO2",2014,10,18990,"NA","professionnel",17700,48.749736,2.459965
"723253543","renault","captur","NA",2013,16000,11990,"NA","professionnel","NA",48.7092979,2.38479
"727303877","renault","captur","1.5 DCI 90 ENERGY S&S BUSINESS ECO2",2014,21754,14500,"NA","professionnel",16100,48.8785618,2.3603689
"727316433","renault","captur","1.5 DCI 90 ENERGY S&S BUSINESS ECO2",2014,15269,14800,"NA","professionnel",16100,48.8293647,2.4265406
"727307083","renault","captur","1.5 DCI 90 ENERGY S&S BUSINESS ECO2",2014,14697,14800,"NA","professionnel",16100,48.7468342,2.4054748
"727311059","renault","captur","1.5 DCI 90 ENERGY S&S BUSINESS ECO2",2014,28670,14200,"NA","professionnel",16100,48.8293647,2.4265406
"727301170","renault","captur","1.5 DCI 90 ENERGY S&S BUSINESS ECO2",2014,17370,14800,"NA","professionnel",16100,48.87846159999999,2.7657959
"727297653","renault","captur","1.5 DCI 90 ENERGY S&S BUSINESS ECO2",2014,20026,14500,"NA","professionnel",16100,48.817275,2.2977599
"727300632","renault","captur","1.5 DCI 90 ENERGY S&S BUSINESS ECO2",2013,26412,13600,"NA","professionnel",16100,48.892423,2.215331
"727301743","renault","captur","1.5 DCI 90 ENERGY S&S BUSINESS ECO2",2014,15069,14800,"NA","professionnel",16100,48.7766463,2.0306592
"727302947","renault","captur","1.5 DCI 90 ENERGY S&S BUSINESS ECO2",2014,19247,14800,"NA","professionnel",16100,49.00363,2.516978
"727304515","renault","captur","1.5 DCI 90 ENERGY S&S BUSINESS ECO2",2014,11688,14700,"NA","professionnel",16100,48.7468342,2.4054748
"727324767","renault","captur","1.5 DCI 90 ENERGY S&S BUSINESS ECO2",2014,20800,14500,"NA","professionnel",16100,49.0331671,2.0547222
"727291182","renault","captur","1.5 DCI 90 ENERGY S&S BUSINESS ECO2",2014,28282,14200,"NA","professionnel",16100,49.00363,2.516978
"727286997","renault","captur","1.5 DCI 90 ENERGY S&S BUSINESS ECO2",2013,12561,14000,"NA","professionnel",16100,48.7766463,2.0306592
"727284349","renault","captur","1.5 DCI 90 ENERGY S&S BUSINESS ECO2",2014,19211,14800,"NA","professionnel",16100,48.941345,2.46436
"727283474","renault","captur","1.5 DCI 90 ENERGY S&S BUSINESS ECO2",2014,29060,14400,"NA","professionnel",16100,48.941345,2.46436
"727309324","renault","captur","1.5 DCI 90 ENERGY S&S BUSINESS ECO2",2014,15892,14800,"NA","professionnel",16100,49.0331671,2.0547222
"727282840","renault","captur","1.5 DCI 90 ENERGY S&S BUSINESS ECO2",2013,23398,13900,"NA","professionnel",16100,48.7468342,2.4054748
"727303193","renault","captur","1.5 DCI 90 ENERGY S&S BUSINESS ECO2",2014,14571,14800,"NA","professionnel",16100,48.8785618,2.3603689
"727311111","renault","captur","1.5 DCI 90 ENERGY S&S BUSINESS ECO2",2014,15607,14800,"NA","professionnel",16100,48.7766463,2.0306592
"727305710","renault","captur","1.5 DCI 90 ENERGY S&S BUSINESS ECO2",2014,19172,14800,"NA","professionnel",16100,48.7468342,2.4054748
"727284457","renault","captur","1.5 DCI 90 ENERGY S&S BUSINESS ECO2",2014,16521,14800,"NA","professionnel",16100,49.00363,2.516978
"727304386","renault","captur","1.5 DCI 90 ENERGY S&S BUSINESS ECO2",2014,24018,14500,"NA","professionnel",16100,48.904526,2.304768
"727283901","renault","captur","1.5 DCI 90 ENERGY S&S BUSINESS ECO2",2013,23289,13900,"NA","professionnel",16100,48.9220615,2.2533313
"727311923","renault","captur","1.5 DCI 90 ENERGY S&S BUSINESS ECO2",2014,14000,14800,"NA","professionnel",16100,48.8718722,2.3176432
"727311424","renault","captur","1.5 DCI 90 ENERGY S&S BUSINESS ECO2",2014,29246,14200,"NA","professionnel",16100,48.7766463,2.0306592
"727299663","renault","captur","1.5 DCI 90 ENERGY S&S BUSINESS ECO2",2014,20966,14500,"NA","professionnel",16100,48.904526,2.304768
"727622955","renault","captur","1.5 DCI 90 ZEN EDC",2014,10,19900,"NA","professionnel",16200,48.760344,2.387405
"727307471","renault","captur","1.5 DCI 90 ENERGY S&S BUSINESS ECO2",2014,16351,14800,"NA","professionnel",16100,48.7468342,2.4054748
"727303814","renault","captur","1.5 DCI 90 ENERGY S&S BUSINESS ECO2",2014,13461,14800,"NA","professionnel",16100,48.7468342,2.4054748
"727623739","renault","captur","1.5 DCI 90 ZEN EDC",2014,10,18789,"NA","professionnel",16200,48.760344,2.387405
"727308134","renault","captur","1.5 DCI 90 ENERGY S&S BUSINESS ECO2",2014,18108,14800,"NA","professionnel",16100,48.7766463,2.0306592
"727295732","renault","captur","1.5 DCI 90 ENERGY S&S BUSINESS ECO2",2014,16596,15000,"NA","professionnel",16100,48.941345,2.46436
"727284061","renault","captur","1.5 DCI 90 ENERGY S&S BUSINESS ECO2",2013,29000,13600,"NA","professionnel",16100,48.908612,2.439712
"727310934","renault","captur","1.5 DCI 90 ENERGY S&S BUSINESS ECO2",2014,12409,14800,"NA","professionnel",16100,49.0331671,2.0547222
"727310040","renault","captur","1.5 DCI 90 ENERGY S&S BUSINESS ECO2",2014,19707,14800,"NA","professionnel",16100,48.813055,2.38822
"727309655","renault","captur","1.5 DCI 90 ENERGY S&S BUSINESS ECO2",2014,12870,14800,"NA","professionnel",16100,48.7468342,2.4054748
"727258246","renault","captur","1.5 DCI 90 ZEN EDC",2014,10,20602,"NA","professionnel",16200,48.760344,2.387405
"726800513","renault","captur","NA","NA",1,19990,"NA","professionnel","NA",48.8675641,2.34399
"726513370","renault","captur","1.2 TCE 120 ZEN EDC",2013,20992,16590,"NA","professionnel",16000,48.792001,2.39851
"714327465","renault","captur","1.2 TCE 120 INTENS EDC",2014,10,20500,"NA","professionnel",17800,48.529171,2.0152549
"723253949","renault","captur","1.5 DCI 90 INTENS EDC",2014,4058,18990,"NA","professionnel",17500,48.529171,2.0152549
"713901775","renault","captur","1.5 DCI 90 INTENS EDC",2014,10,18490,"NA","professionnel",17500,48.7623589,1.945326
"697384102","renault","captur","0.9 TCE 90 ENERGY S&S INTENS ECO2",2014,10,17490,"NA","professionnel",15500,48.7623589,1.945326
"726460320","renault","captur","1.5 DCI 90 ENERGY S&S ZEN ECO2",2013,7933,18490,"NA","professionnel",16000,48.792001,2.39851
"726238533","renault","captur","0.9 TCE 90 ENERGY S&S INTENS ECO2",2014,21883,15900,"NA","professionnel",15500,48.821267,2.472043
"726219368","renault","captur","1.2 TCE 120 INTENS EDC",2014,10,19640,"NA","professionnel",17800,48.911358,2.8281139
"726219413","renault","captur","1.2 TCE 120 INTENS EDC",2014,10,19640,"NA","professionnel",17800,48.911358,2.8281139
"726220656","renault","captur","1.2 TCE 120 INTENS EDC",2014,10,19210,"NA","professionnel",17800,48.911358,2.8281139
"726219204","renault","captur","1.2 TCE 120 INTENS EDC",2014,4000,18870,"NA","professionnel",17800,48.911358,2.8281139
"726219544","renault","captur","1.2 TCE 120 INTENS EDC",2014,10,19640,"NA","professionnel",17800,48.911358,2.8281139
"726219325","renault","captur","1.2 TCE 120 INTENS EDC",2014,10,19640,"NA","professionnel",17800,48.911358,2.8281139
"726262810","renault","captur","1.2 TCE 120 ZEN EDC",2014,15000,20300,"NA","professionnel",16000,48.87753499999999,2.59016
"726259853","renault","captur","1.5 DCI 90 ENERGY S&S ZEN ECO2",2014,9900,19600,"NA","professionnel",16000,48.87753499999999,2.59016
"726262889","renault","captur","1.5 DCI 90 ENERGY S&S ZEN ECO2",2014,15000,17800,"NA","professionnel",16000,48.87753499999999,2.59016
"726219609","renault","captur","1.2 TCE 120 INTENS EDC",2014,10,19640,"NA","professionnel",17800,48.911358,2.8281139
"726219482","renault","captur","1.2 TCE 120 INTENS EDC",2014,10,19440,"NA","professionnel",17800,48.911358,2.8281139
"725972569","renault","captur","1.2 TCE 120 ZEN EDC",2013,7400,17400,"NA","professionnel",16000,48.8138999,2.344688
"726259859","renault","captur","1.2 TCE 120 ZEN EDC",2014,7742,18900,"NA","professionnel",16000,48.87753499999999,2.59016
"726262481","renault","captur","1.5 DCI 90 ENERGY S&S ZEN ECO2",2014,6999,18900,"NA","professionnel",16000,48.87753499999999,2.59016
"721393683","renault","captur","1.5 DCI 90 ZEN EDC",2014,100,16390,"NA","professionnel",16200,48.94365699999999,3.0262889
"708369734","renault","captur","1.5 DCI 90 BUSINESS EDC",2013,24200,16980,"NA","professionnel",17600,48.94365699999999,3.0262889
"724444103","renault","captur","1.5 DCI 90 ENERGY S&S ZEN ECO2",2013,14900,15900,"NA","professionnel",16000,48.6102599,2.474805
"705082311","renault","captur","NA",2013,9000,16990,"NA","professionnel","NA",48.43441600000001,2.16142
"725831021","renault","captur","0.9 TCE 90 ENERGY S&S ZEN ECO2",2014,10,17300,"NA","professionnel",14200,48.896391,2.160098
"725831385","renault","captur","1.5 DCI 90 ENERGY S&S ZEN ECO2",2014,3098,17700,"NA","professionnel",16000,48.42345400000001,2.754079
"725852679","renault","captur","1.5 DCI 90 ZEN EDC",2014,18932,17880,"NA","professionnel",16200,48.816363,2.317384
"725482317","renault","captur","1.5 DCI 90 ENERGY S&S BUSINESS ECO2",2014,17670,15990,"NA","professionnel",16100,48.8293647,2.4265406
"725853350","renault","captur","1.2 TCE 120 ZEN EDC",2014,22880,16790,"NA","professionnel",16000,48.8396952,2.2399123
"725422533","renault","captur","1.2 TCE 120 ZEN EDC",2014,10,19372,"NA","professionnel",16000,48.760344,2.387405
"704350135","renault","captur","0.9 TCE 90 ENERGY S&S LIFE ECO2",2014,10,14800,"NA","professionnel",12700,48.8585799,2.2847017
"718932142","renault","captur","1.2 TCE 120 ZEN EDC",2013,24500,16300,"NA","professionnel",16000,48.813071,3.083497
"699903250","renault","captur","1.5 DCI 90 INTENS EDC",2014,11,20500,"NA","professionnel",17500,48.89321700000001,2.287864
"725038816","renault","captur","0.9 TCE 90 ENERGY S&S INTENS ECO2",2014,5576,16500,"NA","professionnel",15500,48.8293647,2.4265406
"724975156","renault","captur","1.2 TCE 120 ZEN EDC",2013,12150,15999,"NA","professionnel",16000,48.917402,2.269675
"724494991","renault","captur","1.5 DCI 90 ENERGY S&S ZEN ECO2",2014,21780,17480,"NA","professionnel",16000,48.918524,1.96978
"724494217","renault","captur","1.5 DCI 90 ENERGY ARIZONA ECO2",2014,7000,16970,"NA","professionnel",17100,48.911358,2.8281139
"724494186","renault","captur","0.9 TCE 90 ENERGY S&S INTENS ECO2",2014,1000,17240,"NA","professionnel",15500,48.911358,2.8281139
"724542371","renault","captur","1.5 DCI 90 ZEN EDC",2014,10,20602,"NA","professionnel",16200,48.760344,2.387405
"702798364","renault","captur","1.5 DCI 90 ENERGY S&S ZEN ECO2",2014,8949,17490,"NA","professionnel",16000,48.8396952,2.2399123
"675864837","renault","captur","0.9 TCE 90 ENERGY S&S ZEN ECO2",2013,6105,14390,"NA","professionnel",14200,48.69122669999999,2.6103697
"702070140","renault","captur","1.5 DCI 90 ENERGY S&S ZEN ECO2",2014,3631,17990,"NA","professionnel",16000,48.8396952,2.2399123
"658810529","renault","captur","1.5 DCI 90 INTENS EDC",2014,5,19890,"NA","professionnel",17500,48.7623589,1.945326
"702818462","renault","captur","1.5 DCI 90 ENERGY S&S ZEN ECO2",2014,9500,17880,"NA","professionnel",16000,48.90852,2.504403
"702492328","renault","captur","0.9 TCE 90 ENERGY S&S INTENS ECO2",2014,1519,17900,"NA","professionnel",15500,48.85478,2.628701
"702758077","renault","captur","1.5 DCI 90 INTENS EDC",2014,10,19640,"NA","professionnel",17500,48.911358,2.8281139
"702562052","renault","captur","1.5 DCI 90 ENERGY S&S ZEN ECO2",2014,2874,18990,"NA","professionnel",16000,48.9472096,2.2466847
"702492337","renault","captur","1.5 DCI 90 ENERGY S&S ZEN ECO2",2014,1,18900,"NA","professionnel",16000,48.85478,2.628701
"723148587","renault","captur","1.5 DCI 90 ENERGY S&S BUSINESS ECO2",2014,16728,15990,"NA","professionnel",16100,48.8293647,2.4265406
"723058292","renault","captur","0.9 TCE 90 ENERGY S&S INTENS ECO2",2014,6234,15980,"NA","professionnel",15500,48.542105,2.6554
"708737212","renault","captur","1.5 DCI 90 ENERGY S&S INTENS ECO2",2013,11612,16490,"NA","professionnel",17700,48.9562018,2.8884657
"711269875","renault","captur","1.5 DCI 90 ENERGY S&S ZEN ECO2",2013,3365,17900,"NA","professionnel",16000,48.8488576,2.3354223
"723058443","renault","captur","1.5 DCI 90 ENERGY S&S ZEN ECO2",2014,11963,16900,"NA","professionnel",16000,49.000275,2.09178
"723096317","renault","captur","1.5 DCI 90 ENERGY S&S ZEN ECO2",2014,5396,18390,"NA","professionnel",16000,48.8396952,2.2399123
"702309498","renault","captur","1.5 DCI 90 ENERGY S&S ZEN ECO2",2014,2,19380,"NA","professionnel",16000,48.941106,2.158431
"722722583","renault","captur","1.5 DCI 90 ENERGY S&S BUSINESS ECO2",2013,16436,16490,"NA","professionnel",16100,48.8293647,2.4265406
"722656594","renault","captur","1.5 DCI 90 ENERGY S&S ZEN ECO2",2014,624,18490,"NA","professionnel",16000,48.69122669999999,2.6103697
"722679751","renault","captur","1.5 DCI 90 ENERGY S&S ZEN ECO2",2014,7987,17990,"NA","professionnel",16000,48.8718722,2.3176432
"722682492","renault","captur","1.5 DCI 90 ZEN EDC",2014,10,20602,"NA","professionnel",16200,48.760344,2.387405
"722297736","renault","captur","1.5 DCI 90 ENERGY S&S ZEN ECO2",2014,60,19990,"NA","professionnel",16000,48.750285,1.916261
"711455981","renault","captur","1.5 DCI 90 INTENS EDC",2014,10300,18990,"NA","professionnel",17500,48.9412151,2.4970711
"722219706","renault","captur","1.2 TCE 120 ZEN EDC",2014,3690,18290,"NA","professionnel",16000,48.816363,2.317384
"721891850","renault","captur","NA",2014,9500,19190,"NA","professionnel","NA",48.992181,1.735384
"701612734","renault","captur","1.5 DCI 90 ENERGY S&S BUSINESS ECO2",2013,17280,15880,"NA","professionnel",16100,48.941106,2.158431
"701323380","renault","captur","1.5 DCI 90 ZEN EDC",2014,1,20900,"NA","professionnel",16200,48.85478,2.628701
"701268637","renault","captur","1.2 TCE 120 ZEN EDC",2013,15898,16990,"NA","professionnel",16000,48.894533,2.40963
"711468301","renault","captur","1.5 DCI 90 ENERGY S&S ZEN ECO2",2014,19700,16990,"NA","professionnel",16000,49.050966,2.100645
"721749243","renault","captur","0.9 TCE 90 ENERGY S&S ZEN ECO2",2014,10,16890,"NA","professionnel",14200,48.69122669999999,2.6103697
"682913785","renault","captur","1.5 DCI 90 ZEN EDC",2014,7,18990,"NA","professionnel",16200,48.760344,2.387405
"721280818","renault","captur","1.5 DCI 90 INTENS EDC",2014,10,19640,"NA","professionnel",17500,48.911358,2.8281139
"721280675","renault","captur","1.5 DCI 90 ENERGY ARIZONA ECO2",2014,10,19640,"NA","professionnel",17100,48.911358,2.8281139
"721312799","renault","captur","1.5 DCI 90 ENERGY S&S ZEN ECO2",2014,9367,18290,"NA","professionnel",16000,48.816363,2.317384
"720599349","renault","captur","1.5 DCI 90 ENERGY S&S ZEN ECO2",2013,25295,14980,"NA","professionnel",16000,48.790367,2.455572
"682487986","renault","captur","1.5 DCI 90 ZEN EDC",2014,2,19870,"NA","professionnel",16200,48.941106,2.158431
"720425249","renault","captur","0.9 TCE 90 ENERGY S&S LIFE ECO2",2013,14958,14900,"NA","professionnel",12700,48.85478,2.628701
"719992624","renault","captur","1.2 TCE 120 ZEN EDC",2014,50,20490,"NA","professionnel",16000,48.85799300000001,2.381153
"719973886","renault","captur","1.5 DCI 90 INTENS EDC",2014,10,19770,"NA","professionnel",17500,48.911358,2.8281139
"699611406","renault","captur","1.5 DCI 90 ENERGY S&S ZEN ECO2",2014,2410,19490,"NA","professionnel",16000,48.6792779,2.16647
"719993129","renault","captur","0.9 TCE 90 ENERGY S&S INTENS ECO2",2014,7,17550,"NA","professionnel",15500,48.757205,2.326243
"719973892","renault","captur","1.5 DCI 90 INTENS EDC",2014,10,19770,"NA","professionnel",17500,48.911358,2.8281139
"719666914","renault","captur","1.5 DCI 90 ENERGY S&S INTENS ECO2",2014,10,19990,"NA","professionnel",17700,48.882174,2.076817
"719666895","renault","captur","1.5 DCI 90 ENERGY S&S INTENS ECO2",2014,10,19990,"NA","professionnel",17700,48.882174,2.076817
"719626283","renault","captur","1.5 DCI 90 ZEN EDC",2013,19420,15890,"NA","professionnel",16200,48.816363,2.317384
"719626289","renault","captur","1.5 DCI 90 ZEN EDC",2014,13396,16690,"NA","professionnel",16200,48.816363,2.317384
"713707737","renault","captur","1.5 DCI 90 ZEN EDC",2014,10,18490,"NA","professionnel",16200,48.7623589,1.945326
"719148258","renault","captur","1.5 DCI 90 ENERGY S&S ZEN ECO2",2014,16349,18290,"NA","professionnel",16000,48.6792779,2.16647
"719012570","renault","captur","1.5 DCI 90 ZEN EDC",2014,10,16990,"NA","professionnel",16200,48.799815,2.257289
"719172358","renault","captur","1.2 TCE 120 ZEN EDC",2013,16289,16690,"NA","professionnel",16000,48.894533,2.40963
"719192560","renault","captur","1.5 DCI 90 ENERGY S&S ZEN ECO2",2014,10,19990,"NA","professionnel",16000,48.90852,2.504403
"719170818","renault","captur","1.2 TCE 120 ZEN EDC",2014,7350,19690,"NA","professionnel",16000,48.8718722,2.3176432
"719170766","renault","captur","1.2 TCE 120 ZEN EDC",2013,11400,17490,"NA","professionnel",16000,48.85799300000001,2.381153
"717997465","renault","captur","0.9 TCE 90 ENERGY S&S ZEN ECO2",2014,8576,15450,"NA","professionnel",14200,48.757205,2.326243
"717268959","renault","captur","1.5 DCI 90 ENERGY S&S BUSINESS ECO2",2013,34608,14900,"NA","professionnel",16100,48.6792779,2.16647
"717565024","renault","captur","1.5 DCI 90 ENERGY S&S ZEN ECO2",2013,35243,13990,"NA","professionnel",16000,48.776731,2.001844
"639368615","renault","captur","1.5 DCI 90 ZEN EDC",2014,2,20780,"NA","professionnel",16200,48.941106,2.158431
"717156964","renault","captur","1.2 TCE 120 ZEN EDC",2014,19414,16990,"NA","professionnel",16000,48.542105,2.6554
"686808806","NA","NA","1.2 TCE 120 ZEN EDC",2013,21100,16290,"NA","professionnel",16000,49.01575099999999,2.191521
"717153196","renault","captur","1.2 TCE 120 ZEN EDC",2013,11440,18900,"NA","professionnel",16000,48.892423,2.215331
"677421434","renault","captur","1.5 DCI 90 ENERGY S&S ZEN ECO2",2014,7200,17290,"NA","professionnel",16000,48.8396952,2.2399123
"710053405","renault","captur","1.5 DCI 90 ENERGY S&S ZEN ECO2",2014,1000,17390,"NA","professionnel",16000,48.790367,2.455572
"608321935","renault","captur","1.5 DCI 90 ENERGY S&S ZEN ECO2",2013,3256,18490,"NA","professionnel",16000,48.792001,2.39851
"716847373","renault","captur","1.5 DCI 90 ENERGY S&S BUSINESS ECO2",2014,19980,16890,"NA","professionnel",16100,48.851542,2.475907
"624091625","renault","captur","1.5 DCI 90 ENERGY S&S ZEN ECO2",2013,7933,18490,"NA","professionnel",16000,48.792001,2.39851
"716847563","renault","captur","1.5 DCI 90 ENERGY S&S BUSINESS ECO2",2014,19092,16890,"NA","professionnel",16100,48.851542,2.475907
"716818392","renault","captur","0.9 TCE 90 ENERGY S&S INTENS ECO2",2014,1500,17990,"NA","professionnel",15500,48.882174,2.076817
"668763014","renault","captur","1.5 DCI 90 ZEN EDC",2014,8500,18290,"NA","professionnel",16200,48.790367,2.455572
"716750703","renault","captur","1.5 DCI 90 ZEN EDC",2013,26145,15380,"NA","professionnel",16200,48.816363,2.317384
"716750674","renault","captur","1.5 DCI 90 ZEN EDC",2013,20987,15850,"NA","professionnel",16200,48.816363,2.317384
"716748488","renault","captur","1.5 DCI 90 ENERGY S&S ZEN ECO2",2013,34808,16890,"NA","professionnel",16000,49.000275,2.09178
"716749699","renault","captur","1.5 DCI 90 ENERGY S&S ZEN ECO2",2014,8634,17290,"NA","professionnel",16000,48.816363,2.317384
"716750690","renault","captur","1.5 DCI 90 ZEN EDC",2014,22119,15670,"NA","professionnel",16200,48.816363,2.317384
"716750176","renault","captur","1.5 DCI 90 ZEN EDC",2014,9508,16880,"NA","professionnel",16200,48.816363,2.317384
"716750682","renault","captur","1.5 DCI 90 ZEN EDC",2013,20248,15850,"NA","professionnel",16200,48.816363,2.317384
"716750659","renault","captur","1.5 DCI 90 ZEN EDC",2013,25972,15750,"NA","professionnel",16200,48.816363,2.317384
"716750664","renault","captur","1.5 DCI 90 ZEN EDC",2013,20272,15850,"NA","professionnel",16200,48.816363,2.317384
"716409808","renault","captur","1.5 DCI 90 ENERGY S&S ZEN ECO2",2014,6825,17800,"NA","professionnel",16000,48.9562018,2.8884657
"716409767","renault","captur","1.5 DCI 90 ENERGY S&S ZEN ECO2",2014,18718,16900,"NA","professionnel",16000,48.85478,2.628701
"639403812","NA","NA","1.5 DCI 90 ENERGY S&S ZEN ECO2",2013,6900,19900,"NA","professionnel",16000,48.95050699999999,3.130059
"716292133","renault","captur","1.5 DCI 90 ENERGY S&S ZEN ECO2",2014,1,17490,"NA","professionnel",16000,48.88077699999999,2.110156
"716292011","renault","captur","1.5 DCI 90 ENERGY S&S ZEN ECO2",2014,1,17490,"NA","professionnel",16000,48.88077699999999,2.110156
"716292095","renault","captur","1.5 DCI 90 ENERGY S&S ZEN ECO2",2014,10,17490,"NA","professionnel",16000,48.88077699999999,2.110156
"639368705","renault","captur","1.5 DCI 90 ZEN EDC",2014,2,20780,"NA","professionnel",16200,48.941106,2.158431
"715971571","renault","captur","1.5 DCI 90 ENERGY S&S ZEN ECO2",2014,10506,17490,"NA","professionnel",16000,48.85478,2.628701
"715940850","renault","captur","1.5 DCI 90 ZEN EDC",2013,29723,14850,"NA","professionnel",16200,48.816363,2.317384
"715883857","renault","captur","1.2 TCE 120 ZEN EDC",2013,8090,16985,"NA","professionnel",16000,48.918524,1.96978
"715708234","renault","captur","0.9 TCE 90 ENERGY S&S INTENS ECO2",2014,9500,14990,"NA","professionnel",15500,48.7980422,2.4800862
"715527745","renault","captur","1.5 DCI 90 ENERGY S&S ZEN ECO2",2014,100,19850,"NA","professionnel",16000,48.841386,2.504038
"715527716","renault","captur","0.9 TCE 90 ENERGY S&S INTENS ECO2",2014,100,17990,"NA","professionnel",15500,48.841386,2.504038
"715527768","renault","captur","0.9 TCE 90 ENERGY S&S INTENS ECO2",2014,100,17990,"NA","professionnel",15500,48.841386,2.504038
"658053425","NA","NA","1.5 DCI 90 ZEN EDC",2014,10,19990,"NA","professionnel",16200,48.526605,2.571664
"694233801","NA","NA","1.5 DCI 90 ENERGY S&S ZEN ECO2",2014,2198,18900,"NA","professionnel",16000,48.85478,2.628701
"694233796","NA","NA","1.5 DCI 90 ZEN EDC",2014,2244,19690,"NA","professionnel",16200,48.85478,2.628701
"713800485","renault","captur","1.2 TCE 120 ZEN EDC",2014,10,19252,"NA","professionnel",16000,48.760344,2.387405
"713527442","renault","captur","1.5 DCI 90 ENERGY S&S ZEN ECO2",2014,4896,16890,"NA","professionnel",16000,48.892423,2.215331
"713332789","renault","captur","1.5 DCI 90 ENERGY S&S ZEN ECO2",2013,10771,17900,"NA","professionnel",16000,48.896391,2.160098
"713185422","renault","captur","1.2 TCE 120 ZEN EDC",2014,4500,20490,"NA","professionnel",16000,48.69122669999999,2.6103697
"713185348","renault","captur","1.5 DCI 90 ENERGY S&S ZEN ECO2",2014,8995,18980,"NA","professionnel",16000,48.69122669999999,2.6103697
"713192162","renault","captur","1.2 TCE 120 ZEN EDC",2013,21050,16890,"NA","professionnel",16000,48.918524,1.96978
"712684490","renault","captur","1.5 DCI 90 ENERGY S&S ZEN ECO2",2014,8360,17790,"NA","professionnel",16000,48.8718722,2.3176432
"712684522","renault","captur","0.9 TCE 90 ENERGY S&S INTENS ECO2",2014,5250,17490,"NA","professionnel",15500,48.8718722,2.3176432
"675328982","renault","captur","1.5 DCI 90 ENERGY S&S ZEN ECO2",2013,15,17900,"NA","professionnel",16000,48.886727,2.505069
"712183274","renault","captur","0.9 TCE 90 ENERGY S&S INTENS ECO2",2014,10,17422,"NA","professionnel",15500,48.760344,2.387405
"712183142","renault","captur","1.5 DCI 90 ZEN EDC",2014,10,19720,"NA","professionnel",16200,48.760344,2.387405
"712183405","renault","captur","1.5 DCI 90 ZEN EDC",2014,10,18442,"NA","professionnel",16200,48.760344,2.387405
"712183208","renault","captur","1.2 TCE 120 ZEN EDC",2014,10,18436,"NA","professionnel",16000,48.760344,2.387405
"712183882","renault","captur","1.5 DCI 90 ZEN EDC",2014,10,18220,"NA","professionnel",16200,48.760344,2.387405
"712183199","renault","captur","1.5 DCI 90 ZEN EDC",2014,10,18664,"NA","professionnel",16200,48.760344,2.387405
"711682977","renault","captur","1.5 DCI 90 ENERGY S&S BUSINESS ECO2",2013,19900,15880,"NA","professionnel",16100,48.941106,2.158431
"664198202","NA","NA","0.9 TCE 90 ENERGY S&S LIFE ECO2",2013,1320,14990,"NA","professionnel",12700,49.01575099999999,2.191521
"643115366","renault","captur","1.5 DCI 90 ENERGY S&S ZEN ECO2",2014,8860,16900,"NA","professionnel",16000,49.01575099999999,2.191521
"643115288","renault","captur","1.2 TCE 120 ZEN EDC",2013,9360,16900,"NA","professionnel",16000,49.01575099999999,2.191521
"711007186","renault","captur","1.2 TCE 120 ZEN EDC",2013,17431,16980,"NA","professionnel",16000,48.542105,2.6554
"691253817","NA","NA","1.2 TCE 120 ZEN EDC",2013,10131,18490,"NA","professionnel",16000,48.85478,2.628701
"710622042","renault","captur","0.9 TCE 90 ENERGY ARIZONA ECO2",2014,10,16970,"NA","professionnel",16100,48.911358,2.8281139
"605017704","renault","captur","1.5 DCI 90 ENERGY S&S ZEN ECO2",2014,221,19990,"NA","professionnel",16000,48.526605,2.571664
"710202018","renault","captur","1.2 TCE 120 ZEN EDC",2014,17421,18680,"NA","professionnel",16000,48.69122669999999,2.6103697
"690202842","NA","NA","1.2 TCE 120 ZEN EDC",2014,9,18900,"NA","professionnel",16000,48.85478,2.628701
"708897170","renault","captur","1.5 DCI 90 ENERGY S&S ZEN ECO2",2014,185,19590,"NA","professionnel",16000,49.152233,2.269571
"671597346","NA","NA","1.5 DCI 90 ENERGY S&S ZEN ECO2",2013,18978,15790,"NA","professionnel",16000,48.9472096,2.2466847
"708479511","renault","captur","1.5 DCI 90 ENERGY S&S ZEN ECO2",2014,23788,15990,"NA","professionnel",16000,48.757205,2.326243
"707859871","renault","captur","1.5 DCI 90 ZEN EDC",2014,10,19582,"NA","professionnel",16200,48.760344,2.387405
"708105308","renault","captur","1.5 DCI 90 ZEN EDC",2013,29177,14880,"NA","professionnel",16200,48.6964029,2.236654
"707272781","renault","captur","1.5 DCI 90 ENERGY S&S ZEN ECO2",2013,41494,13900,"NA","professionnel",16000,48.776731,2.001844
"707273263","renault","captur","1.5 DCI 90 ENERGY S&S ZEN ECO2",2013,37929,13990,"NA","professionnel",16000,48.776731,2.001844
"707273898","renault","captur","1.2 TCE 120 ZEN EDC",2013,19852,16990,"NA","professionnel",16000,48.85799300000001,2.381153
"707273008","renault","captur","1.5 DCI 90 ENERGY S&S ZEN ECO2",2013,40375,13990,"NA","professionnel",16000,48.776731,2.001844
"706853442","renault","captur","1.5 DCI 90 ENERGY S&S ZEN ECO2",2014,3863,17890,"NA","professionnel",16000,48.85799300000001,2.381153
"687481604","renault","captur","1.2 TCE 120 ZEN EDC",2013,18805,16490,"NA","professionnel",16000,48.85799300000001,2.381153
"705359099","renault","captur","1.5 DCI 90 ENERGY S&S INTENS ECO2",2014,10,18600,"NA","professionnel",17700,48.89321700000001,2.287864
"705154889","renault","captur","1.2 TCE 120 ZEN EDC",2014,19199,16980,"NA","professionnel",16000,48.542105,2.6554
"704870064","renault","captur","1.5 DCI 90 ENERGY S&S ZEN ECO2",2014,170,19590,"NA","professionnel",16000,49.152233,2.269571
"686535592","NA","NA","0.9 TCE 90 ENERGY S&S ZEN ECO2",2014,5385,17200,"NA","professionnel",14200,48.85478,2.628701
"686469068","renault","captur","1.2 TCE 120 ZEN EDC",2014,3080,18990,"NA","professionnel",16000,48.6792779,2.16647
"704830645","renault","captur","1.5 DCI 90 ENERGY S&S ZEN ECO2",2014,5780,17890,"NA","professionnel",16000,48.8718722,2.3176432
"703911057","renault","captur","1.5 DCI 90 ZEN EDC",2014,1250,17800,"NA","professionnel",16200,48.629828,2.441782
"727556717","renault","NA","0.9 TCE 90 ENERGY S&S INTENS ECO2",2014,4500,16700,"NA","particulier",15500,48.945484,2.037356
"727205735","NA","NA","1.5 DCI 90 ZEN EDC",2014,1800,19450,"NA","particulier",16200,48.685388,2.408154
"702652723","renault","captur","1.5 DCI 90 ZEN EDC",2014,8900,17990,"NA","particulier",16200,48.7025751,2.0696133
"726538908","renault","captur","0.9 TCE 90 ENERGY S&S ZEN ECO2",2013,16500,14000,"NA","particulier",14200,48.89321700000001,2.287864
"726522396","renault","captur","1.2 TCE 120 ZEN EDC",2014,4000,15500,"NA","particulier",16000,48.801408,2.130122
"726412204","renault","captur","1.5 DCI 90 INTENS EDC",2014,5000,18900,"NA","particulier",17500,48.989323,1.714958
"726354501","renault","captur","1.5 DCI 90 ENERGY S&S INTENS ECO2",2014,1800,20300,"NA","particulier",17700,48.762895,2.075323
"723145508","renault","captur","1.5 DCI 90 ENERGY ARIZONA ECO2",2014,5950,17900,"NA","particulier",17100,48.73668,2.180034
"726093734","renault","captur","1.5 DCI 90 ENERGY S&S ZEN ECO2",2014,6100,17300,"NA","particulier",16000,48.954607,1.710307
"725664067","renault","captur","NA",2013,20500,16300,"NA","particulier","NA",48.611486,2.30604
"724791268","renault","captur","0.9 TCE 90 ENERGY S&S ZEN ECO2",2014,6700,15790,"NA","particulier",14200,48.80598,2.022188
"724563243","renault","captur","1.2 TCE 120 INTENS EDC",2014,7600,18400,"NA","particulier",17800,49.000275,2.09178
"724360606","renault","captur","0.9 TCE 90 ENERGY S&S ZEN ECO2",2014,3000,15300,"NA","particulier",14200,48.992181,1.735384
"724063182","renault","captur","1.5 DCI 90 INTENS EDC",2014,5000,18800,"NA","particulier",17500,48.524552,2.388169
"723658089","renault","captur","NA",2014,9000,18500,"NA","particulier","NA",49.0331671,2.0547222
"723480375","renault","captur","1.2 TCE 120 ARIZONA EDC",2014,4500,17600,"NA","particulier",17200,48.81474499999999,1.863168
"722074122","renault","captur","1.5 DCI 90 ENERGY ARIZONA ECO2",2014,3900,19290,"NA","particulier",17100,48.8640493,2.3310526
"721875465","renault","captur","1.2 TCE 120 INTENS EDC",2014,4000,19000,"NA","particulier",17800,48.6851259,2.349282
"721736797","renault","captur","1.2 TCE 120 ZEN EDC",2014,3500,18900,"NA","particulier",16000,48.7305769,2.447488
"720907121","renault","captur","1.2 TCE 120 INTENS EDC",2014,3500,18500,"NA","particulier",17800,48.865263,1.794903
"719537045","renault","captur","0.9 TCE 90 ENERGY S&S INTENS ECO2",2013,8200,16200,"NA","particulier",15500,48.944263,1.735422
"719424972","renault","captur","1.5 DCI 90 INTENS EDC",2013,6400,18000,"NA","particulier",17500,48.9591319,1.855891
"673173569","renault","captur","1.5 DCI 90 INTENS EDC",2013,8500,17500,"NA","particulier",17500,48.978154,1.713371
"718958212","renault","captur","0.9 TCE 90 ENERGY S&S INTENS ECO2",2014,6000,17200,"NA","particulier",15500,48.973699,1.983023
"716028522","renault","captur","1.2 TCE 120 ZEN EDC",2014,6000,15500,"NA","particulier",16000,48.817223,1.949075
"715584652","renault","captur","1.2 TCE 120 ZEN EDC",2013,6700,14700,"NA","particulier",16000,48.885476,2.7362479
"718443363","renault","captur","1.5 DCI 90 ZEN EDC",2013,23000,16900,"NA","particulier",16200,49.136089,2.2350979
"718330243","renault","captur","1.2 TCE 120 ZEN EDC",2013,7500,16950,"NA","particulier",16000,48.967085,1.933828
"718033893","renault","captur","NA",2014,15000,17500,"NA","particulier","NA",48.763827,2.671739
"717536441","NA","NA","NA",2013,23000,16000,"NA","particulier","NA",48.98543,2.619156
"717022375","renault","captur","1.2 TCE 120 INTENS EDC",2013,3000,18500,"NA","particulier",17800,48.437362,2.380786000000001
"716722098","renault","captur","1.5 DCI 90 INTENS EDC",2014,6000,19100,"NA","particulier",17500,48.671191,2.540747
"716320502","renault","captur","1.2 TCE 120 INTENS EDC",2014,5000,18400,"NA","particulier",17800,48.789808,1.601126
"716126161","renault","captur","1.5 DCI 90 ENERGY S&S ZEN ECO2",2013,21000,15900,"NA","particulier",16000,48.9994379,2.9188892
"716048794","renault","captur","1.5 DCI 90 ENERGY S&S ZEN ECO2",2014,9500,17000,"NA","particulier",16000,48.969534,1.68413
"714630650","renault","captur","1.5 DCI 90 INTENS EDC",2014,6200,18700,"NA","particulier",17500,48.780426,2.266257
"714501817","renault","captur","1.5 DCI 90 ENERGY S&S BUSINESS ECO2",2013,21500,16500,"NA","particulier",16100,48.9220615,2.2533313
"714491224","renault","captur","1.5 DCI 90 ZEN EDC",2014,3880,20300,"NA","particulier",16200,48.8301019,2.005269
"714072993","renault","captur","1.5 DCI 90 INTENS EDC",2013,15000,18000,"NA","particulier",17500,48.7025751,2.0696133
"714012133","renault","captur","1.5 DCI 90 INTENS EDC",2013,9999,16690,"NA","particulier",17500,48.7025751,2.0696133
"711890869","renault","captur","NA",2013,18500,17730,"NA","particulier","NA",49.130715,2.293932
"711592040","NA","NA","0.9 TCE 90 ENERGY S&S INTENS ECO2",2014,30,16900,"NA","particulier",15500,48.93897,2.538716
"705538604","renault","captur","1.2 TCE 120 ZEN EDC",2013,6950,18300,"NA","particulier",16000,48.759255,2.302553
"709375720","renault","captur","1.5 DCI 90 INTENS EDC",2014,6500,18500,"NA","particulier",17500,48.991435,1.809326
"708142352","renault","captur","1.5 DCI 90 ENERGY S&S INTENS ECO2",2014,20411,18200,"NA","particulier",17700,48.82342,1.976374
"708137296","renault","captur","1.2 TCE 120 ZEN EDC",2014,1000,16500,"NA","particulier",16000,48.900552,2.25929
"707879656","renault","captur","0.9 TCE 90 ENERGY S&S INTENS ECO2",2013,15500,15500,"NA","particulier",15500,48.936181,2.357443
"707600054","renault","captur","0.9 TCE 90 ENERGY ARIZONA ECO2",2013,7800,16300,"NA","particulier",16100,48.85799300000001,2.381153
"707118395","renault","captur","NA",2013,10000,16550,"NA","particulier","NA",48.720171,2.461891
"707002635","renault","captur","1.5 DCI 90 ENERGY S&S INTENS ECO2",2013,8800,16800,"NA","particulier",17700,48.6893061,2.5126535
"706186869","renault","captur","1.2 TCE 120 INTENS EDC",2014,2100,16200,"NA","particulier",17800,48.643868,1.829079
"705492180","renault","captur","NA",2014,19000,19000,"NA","particulier","NA",48.78290699999999,1.960077
"671849142","renault","captur","1.5 DCI 90 ZEN EDC",2013,12500,17000,"NA","particulier",16200,48.875661,2.485932
"727682409","renault","captur","0.9 TCE 90 ENERGY S&S ZEN ECO2",2014,10,16990,"NA","professionnel",14200,43.663739,7.14882
"727651290","renault","captur","1.5 DCI 90 ENERGY S&S ZEN ECO2",2014,3714,19690,"NA","professionnel",16000,44.559638,6.079758
"692599785","renault","captur","1.5 DCI 90 ZEN EDC",2013,22900,15990,"NA","professionnel",16200,43.5388336,5.4044268
"727712136","renault","captur","1.5 DCI 90 ENERGY S&S INTENS ECO2",2014,10,18990,"NA","professionnel",17700,43.588896,5.002136
"727682453","renault","captur","1.5 DCI 90 ENERGY S&S ZEN ECO2",2014,18182,16600,"NA","professionnel",16000,43.5603151,7.0337141
"713356443","renault","captur","1.5 DCI 90 ENERGY S&S BUSINESS ECO2",2013,32020,14990,"NA","professionnel",16100,43.9591489,4.863830999999999
"725457182","renault","captur","1.5 DCI 90 ENERGY S&S ZEN ECO2",2014,10000,19300,"NA","professionnel",16000,43.45859799999999,5.249702999999999
"727300200","renault","captur","1.5 DCI 90 ENERGY S&S BUSINESS ECO2",2014,18352,14800,"NA","professionnel",16100,43.107465,6.131492799999999
"727289129","renault","captur","1.5 DCI 90 ENERGY S&S BUSINESS ECO2",2014,11888,14800,"NA","professionnel",16100,43.6960355,7.265589599999998
"727307231","renault","captur","1.5 DCI 90 ENERGY S&S BUSINESS ECO2",2014,13055,14800,"NA","professionnel",16100,43.300771,5.3821768
"727307893","renault","captur","1.5 DCI 90 ENERGY S&S BUSINESS ECO2",2014,17078,14800,"NA","professionnel",16100,43.4212739,5.218332
"727308201","renault","captur","1.5 DCI 90 ENERGY S&S BUSINESS ECO2",2014,16046,14800,"NA","professionnel",16100,43.107465,6.131492799999999
"727310821","renault","captur","1.5 DCI 90 ENERGY S&S BUSINESS ECO2",2014,10773,14800,"NA","professionnel",16100,43.6960355,7.265589599999998
"727281809","renault","captur","1.5 DCI 90 ENERGY S&S BUSINESS ECO2",2013,25313,13400,"NA","professionnel",16100,43.5338335,5.509246999999999
"727311667","renault","captur","1.5 DCI 90 ENERGY S&S BUSINESS ECO2",2014,20078,14500,"NA","professionnel",16100,43.4212739,5.218332
"727297062","renault","captur","1.5 DCI 90 ENERGY S&S BUSINESS ECO2",2014,15948,14800,"NA","professionnel",16100,43.5338335,5.509246999999999
"727306230","renault","captur","1.5 DCI 90 ENERGY S&S BUSINESS ECO2",2014,10241,14800,"NA","professionnel",16100,43.4212739,5.218332
"727294700","renault","captur","1.5 DCI 90 ENERGY S&S BUSINESS ECO2",2014,17147,14800,"NA","professionnel",16100,43.6960355,7.265589599999998
"727288630","renault","captur","1.5 DCI 90 ENERGY S&S BUSINESS ECO2",2013,20087,13900,"NA","professionnel",16100,43.4212739,5.218332
"727307685","renault","captur","1.5 DCI 90 ENERGY S&S BUSINESS ECO2",2014,13268,14800,"NA","professionnel",16100,43.6960355,7.265589599999998
"727286960","renault","captur","1.5 DCI 90 ENERGY S&S BUSINESS ECO2",2013,22466,13700,"NA","professionnel",16100,43.5338335,5.509246999999999
"727303140","renault","captur","1.5 DCI 90 ENERGY S&S BUSINESS ECO2",2014,11841,14800,"NA","professionnel",16100,43.300771,5.3821768
"727310237","renault","captur","1.5 DCI 90 ENERGY S&S BUSINESS ECO2",2014,9545,14800,"NA","professionnel",16100,43.6960355,7.265589599999998
"727311202","renault","captur","1.5 DCI 90 ENERGY S&S BUSINESS ECO2",2014,16816,14800,"NA","professionnel",16100,43.5603151,7.0337141
"727309144","renault","captur","1.5 DCI 90 ENERGY S&S BUSINESS ECO2",2014,19206,14800,"NA","professionnel",16100,43.5338335,5.509246999999999
"727309955","renault","captur","1.5 DCI 90 ENERGY S&S BUSINESS ECO2",2014,15998,14800,"NA","professionnel",16100,43.107465,6.131492799999999
"727309078","renault","captur","1.5 DCI 90 ENERGY S&S BUSINESS ECO2",2014,11200,14800,"NA","professionnel",16100,43.6877482,7.2113605
"727307619","renault","captur","1.5 DCI 90 ENERGY S&S BUSINESS ECO2",2014,19000,14800,"NA","professionnel",16100,43.1146883,5.9488975
"727311833","renault","captur","1.5 DCI 90 ENERGY S&S BUSINESS ECO2",2014,15798,14800,"NA","professionnel",16100,43.8366045,5.0407814
"727311352","renault","captur","1.5 DCI 90 ENERGY S&S BUSINESS ECO2",2014,18155,14800,"NA","professionnel",16100,43.5603151,7.0337141
"727310979","renault","captur","1.5 DCI 90 ENERGY S&S BUSINESS ECO2",2014,17190,14800,"NA","professionnel",16100,43.6960355,7.265589599999998
"727311750","renault","captur","1.5 DCI 90 ENERGY S&S BUSINESS ECO2",2014,16357,14800,"NA","professionnel",16100,43.4212739,5.218332
"727308949","renault","captur","1.5 DCI 90 ENERGY S&S BUSINESS ECO2",2014,13785,14800,"NA","professionnel",16100,43.6960355,7.265589599999998
"727253481","renault","captur","1.5 DCI 90 ZEN EDC",2014,5,18990,"NA","professionnel",16200,43.435857,6.6317461
"726798488","renault","captur","NA","NA",1,19990,"NA","professionnel","NA",43.5338335,5.509246999999999
"726508449","renault","captur","1.5 DCI 90 ENERGY S&S BUSINESS ECO2",2014,19076,17490,"NA","professionnel",16100,43.5388336,5.4044268
"726650810","renault","captur","1.2 TCE 120 ZEN EDC",2013,19327,15490,"NA","professionnel",16000,43.6017739,4.624375100000001
"726354016","renault","captur","NA",2013,13000,16990,"NA","professionnel","NA",43.3071618,5.4253757
"726403466","renault","captur","1.2 TCE 120 ZEN EDC",2013,12020,16900,"NA","professionnel",16000,43.107465,6.131492799999999
"726453654","renault","captur","1.5 DCI 90 ZEN EDC",2013,10,20200,"NA","professionnel",16200,43.5388336,5.4044268
"726519605","renault","captur","1.2 TCE 120 ZEN EDC",2013,16209,14990,"NA","professionnel",16000,43.94700419999999,4.8209596
"726234344","renault","captur","0.9 TCE 90 ENERGY S&S ZEN ECO2",2014,10,16990,"NA","professionnel",14200,43.663739,7.14882
"726234073","renault","captur","1.5 DCI 90 ENERGY S&S ZEN ECO2",2014,10,20990,"NA","professionnel",16000,43.663739,7.14882
"708465425","renault","captur","1.5 DCI 90 ZEN EDC",2013,19500,15800,"NA","professionnel",16200,43.107465,6.131492799999999
"726234050","renault","captur","1.5 DCI 90 ENERGY S&S ZEN ECO2",2014,4363,19900,"NA","professionnel",16000,43.5603151,7.0337141
"726248760","renault","captur","1.5 DCI 90 ZEN EDC",2014,5,18490,"NA","professionnel",16200,43.5377269,6.464993
"726234453","renault","captur","1.5 DCI 90 ENERGY S&S ZEN ECO2",2014,5026,17490,"NA","professionnel",16000,43.663739,7.14882
"726237000","renault","captur","1.2 TCE 120 ZEN EDC",2014,9,19500,"NA","professionnel",16000,43.13824,5.987584399999999
"726197355","renault","captur","1.2 TCE 120 ZEN EDC",2014,4689,19790,"NA","professionnel",16000,43.4212739,5.218332
"726197406","renault","captur","1.5 DCI 90 ENERGY S&S ZEN ECO2",2014,17147,16890,"NA","professionnel",16000,43.4212739,5.218332
"726234058","renault","captur","1.2 TCE 120 ZEN EDC",2014,19239,16990,"NA","professionnel",16000,43.45859799999999,5.249702999999999
"726234002","renault","captur","1.5 DCI 90 ENERGY S&S ZEN ECO2",2014,3251,18800,"NA","professionnel",16000,43.5603151,7.0337141
"726234077","renault","captur","1.5 DCI 90 ENERGY S&S ZEN ECO2",2014,11,18900,"NA","professionnel",16000,43.2926781,5.5676425
"726197510","renault","captur","1.5 DCI 90 ZEN EDC",2014,10891,18990,"NA","professionnel",16200,44.559638,6.079758
"726237176","renault","captur","1.2 TCE 120 ZEN EDC",2013,16769,18400,"NA","professionnel",16000,43.13824,5.987584399999999
"726234183","renault","captur","1.2 TCE 120 ZEN EDC",2013,25155,16200,"NA","professionnel",16000,43.2926781,5.5676425
"726234092","renault","captur","1.5 DCI 90 ENERGY S&S ZEN ECO2",2014,6012,17600,"NA","professionnel",16000,43.5603151,7.0337141
"725920991","renault","captur","1.2 TCE 120 ZEN EDC",2014,15,17890,"NA","professionnel",16000,43.5377269,6.464993
"726234308","renault","captur","1.2 TCE 120 ZEN EDC",2014,16527,16990,"NA","professionnel",16000,43.663739,7.14882
"725862637","renault","captur","1.5 DCI 90 ZEN EDC",2014,5,18490,"NA","professionnel",16200,43.5377269,6.464993
"725862607","renault","captur","1.2 TCE 120 ZEN EDC",2014,5,19590,"NA","professionnel",16000,43.435857,6.6317461
"725829232","renault","captur","1.5 DCI 90 ENERGY S&S ZEN ECO2",2013,40849,14700,"NA","professionnel",16000,43.25424,5.3819969
"725829135","renault","captur","1.5 DCI 90 ENERGY S&S ZEN ECO2",2014,3985,17900,"NA","professionnel",16000,43.5603151,7.0337141
"725829096","renault","captur","1.5 DCI 90 ENERGY S&S ZEN ECO2",2014,3640,17900,"NA","professionnel",16000,43.5603151,7.0337141
"715878973","renault","captur","1.2 TCE 120 ZEN EDC",2013,9954,17400,"NA","professionnel",16000,44.559638,6.079758
"725804281","renault","captur","1.5 DCI 90 ENERGY S&S ZEN ECO2",2013,13576,17990,"NA","professionnel",16000,43.4212739,5.218332
"725829939","renault","captur","1.2 TCE 120 ZEN EDC",2013,23259,16490,"NA","professionnel",16000,43.6017739,4.624375100000001
"725829202","renault","captur","1.5 DCI 90 ENERGY S&S ZEN ECO2",2013,29632,15990,"NA","professionnel",16000,43.835744,5.790916
"725853322","renault","captur","0.9 TCE 90 ENERGY S&S ZEN ECO2",2013,9500,14990,"NA","professionnel",14200,43.94700419999999,4.8209596
"710295744","renault","captur","1.5 DCI 90 ZEN EDC",2014,10,19780,"NA","professionnel",16200,43.37687400000001,5.605345
"725455600","renault","captur","1.5 DCI 90 ENERGY S&S ZEN ECO2",2013,11900,16900,"NA","professionnel",16000,43.94700419999999,4.8209596
"725177653","renault","captur","1.2 TCE 120 ZEN EDC",2014,1222,19900,"NA","professionnel",16000,43.43315200000001,6.737034
"725337035","renault","captur","1.5 DCI 90 ENERGY S&S ZEN ECO2",2014,300,19990,"NA","professionnel",16000,43.598546,5.4847245
"721853033","renault","captur","1.5 DCI 90 ENERGY ARIZONA ECO2",2014,9548,16500,"NA","professionnel",17100,44.0555639,5.048722
"725061367","renault","captur","1.5 DCI 90 ENERGY S&S ZEN ECO2",2013,19279,16990,"NA","professionnel",16000,44.280508,4.748965999999999
"725061580","renault","captur","1.5 DCI 90 ZEN EDC",2013,9739,16100,"NA","professionnel",16200,44.280508,4.748965999999999
"704004377","renault","captur","1.5 DCI 90 ENERGY S&S ZEN ECO2",2013,26808,16900,"NA","professionnel",16000,43.5603151,7.0337141
"724599344","renault","captur","0.9 TCE 90 ENERGY S&S INTENS ECO2",2014,10,16700,"NA","professionnel",15500,44.1380989,4.807511
"704004539","renault","captur","1.5 DCI 90 ENERGY S&S ZEN ECO2",2014,5219,17900,"NA","professionnel",16000,43.5603151,7.0337141
"724525327","renault","captur","1.5 DCI 90 ENERGY S&S ZEN ECO2",2014,18670,16990,"NA","professionnel",16000,43.8366045,5.0407814
"724522775","renault","captur","1.5 DCI 90 ENERGY S&S ZEN ECO2",2014,8210,17490,"NA","professionnel",16000,43.663739,7.14882
"724461902","renault","captur","1.5 DCI 90 ENERGY S&S ZEN ECO2",2014,5470,17900,"NA","professionnel",16000,43.640199,5.097022
"724522944","renault","captur","1.5 DCI 90 ENERGY S&S ZEN ECO2",2014,4733,18300,"NA","professionnel",16000,43.5603151,7.0337141
"724350653","renault","captur","NA",2013,40860,15290,"NA","professionnel","NA",43.5990157,7.103639599999999
"724525392","renault","captur","1.2 TCE 120 ZEN EDC",2014,18507,17490,"NA","professionnel",16000,43.8366045,5.0407814
"724491505","renault","captur","1.2 TCE 120 ZEN EDC",2014,11852,17990,"NA","professionnel",16000,43.6017739,4.624375100000001
"711098745","renault","captur","1.5 DCI 90 ZEN EDC",2014,10,18900,"NA","professionnel",16200,43.404811,5.053728
"724174285","renault","captur","1.5 DCI 90 INTENS EDC",2014,10,21890,"NA","professionnel",17500,43.591912,5.126824
"724462082","renault","captur","1.5 DCI 90 ENERGY S&S ZEN ECO2",2014,18637,18500,"NA","professionnel",16000,43.640199,5.097022
"724551621","renault","captur","1.5 DCI 90 ENERGY S&S ZEN ECO2",2014,10,19900,"NA","professionnel",16000,43.45859799999999,5.249702999999999
"702755740","renault","captur","1.5 DCI 90 ENERGY S&S ZEN ECO2",2014,10,18990,"NA","professionnel",16000,43.4212739,5.218332
"702407285","renault","captur","1.5 DCI 90 ENERGY S&S ZEN ECO2",2014,4535,17800,"NA","professionnel",16000,43.2926781,5.5676425
"723120083","renault","captur","1.5 DCI 90 ZEN EDC",2014,2400,20900,"NA","professionnel",16200,43.405449,4.985931
"722733307","renault","captur","1.2 TCE 120 ZEN EDC",2013,7450,16500,"NA","professionnel",16000,43.102976,5.878219
"722679308","renault","captur","1.5 DCI 90 ENERGY S&S ZEN ECO2",2013,41573,14990,"NA","professionnel",16000,43.94700419999999,4.8209596
"722627806","renault","captur","0.9 TCE 90 ENERGY S&S INTENS ECO2",2014,1674,16990,"NA","professionnel",15500,43.4212739,5.218332
"702049807","renault","captur","1.2 TCE 120 ZEN EDC",2013,20500,16990,"NA","professionnel",16000,43.663739,7.14882
"701240952","renault","captur","0.9 TCE 90 ENERGY S&S INTENS ECO2",2013,24060,15900,"NA","professionnel",15500,43.4525982,5.4717363
"707102154","renault","captur","1.5 DCI 90 ENERGY S&S BUSINESS ECO2",2013,24600,15790,"NA","professionnel",16100,43.9591489,4.863830999999999
"722300047","renault","captur","1.5 DCI 90 ZEN EDC",2013,21174,15900,"NA","professionnel",16200,44.1380989,4.807511
"722217277","renault","captur","1.2 TCE 120 ZEN EDC",2013,19485,16800,"NA","professionnel",16000,43.5603151,7.0337141
"701687753","renault","captur","1.5 DCI 90 ENERGY S&S ZEN ECO2",2013,29757,15490,"NA","professionnel",16000,43.5388336,5.4044268
"721881254","renault","captur","NA",2014,18625,16990,"NA","professionnel","NA",43.5990157,7.103639599999999
"701324708","renault","captur","1.5 DCI 90 ENERGY S&S ZEN ECO2",2013,19372,17490,"NA","professionnel",16000,43.40655,6.061186999999999
"644804850","renault","captur","1.5 DCI 90 ENERGY S&S ZEN ECO2",2013,3795,17400,"NA","professionnel",16000,44.383724,4.989187
"721796781","renault","captur","1.2 TCE 120 ZEN EDC",2013,11003,17900,"NA","professionnel",16000,43.13824,5.987584399999999
"712681517","renault","captur","1.5 DCI 90 ENERGY S&S ZEN ECO2",2013,13500,17990,"NA","professionnel",16000,43.835744,5.790916
"699963413","NA","NA","0.9 TCE 90 ENERGY S&S ZEN ECO2",2014,8254,15990,"NA","professionnel",14200,43.835744,5.790916
"721796809","renault","captur","1.2 TCE 120 ZEN EDC",2013,17904,17700,"NA","professionnel",16000,43.13824,5.987584399999999
"721309651","renault","captur","1.5 DCI 90 ENERGY S&S ZEN ECO2",2013,14500,16490,"NA","professionnel",16000,43.835744,5.790916
"720986490","renault","captur","1.5 DCI 90 ZEN EDC",2014,4250,16990,"NA","professionnel",16200,43.5377269,6.464993
"715589739","renault","captur","1.2 TCE 120 ZEN EDC",2014,16800,15850,"NA","professionnel",16000,43.6877482,7.2113605
"699677668","renault","captur","1.2 TCE 120 ZEN EDC",2013,11058,14990,"NA","professionnel",16000,43.5377269,6.464993
"720014753","renault","captur","1.2 TCE 120 ZEN EDC",2013,3895,14900,"NA","professionnel",16000,43.6023319,7.006491
"702592070","renault","captur","1.2 TCE 120 ZEN EDC",2013,11225,15990,"NA","professionnel",16000,43.43315200000001,6.737034
"719594868","renault","captur","1.2 TCE 120 ZEN EDC",2014,3962,16890,"NA","professionnel",16000,43.4212739,5.218332
"699200931","renault","captur","1.5 DCI 90 ENERGY S&S ZEN ECO2",2014,5109,18290,"NA","professionnel",16000,43.5603151,7.0337141
"719297173","renault","captur","1.5 DCI 90 ZEN EDC",2014,10,16990,"NA","professionnel",16200,43.591912,5.126824
"719594846","renault","captur","1.5 DCI 90 ENERGY S&S ZEN ECO2",2014,5541,17899,"NA","professionnel",16000,43.5603151,7.0337141
"719638171","renault","captur","0.9 TCE 90 ENERGY S&S ZEN ECO2",2014,4994,13900,"NA","professionnel",14200,43.6877482,7.2113605
"719005383","renault","captur","1.2 TCE 120 ZEN EDC",2014,7092,17900,"NA","professionnel",16000,43.94700419999999,4.8209596
"719144174","renault","captur","0.9 TCE 90 ENERGY S&S INTENS ECO2",2014,11136,15990,"NA","professionnel",15500,43.45859799999999,5.249702999999999
"719144146","renault","captur","0.9 TCE 90 ENERGY S&S ZEN ECO2",2013,5486,14990,"NA","professionnel",14200,43.835744,5.790916
"719111710","renault","captur","0.9 TCE 90 ENERGY S&S INTENS ECO2",2014,18303,15990,"NA","professionnel",15500,43.6017739,4.624375100000001
"718432583","renault","captur","0.9 TCE 90 ENERGY S&S INTENS ECO2",2014,2719,16490,"NA","professionnel",15500,43.5377269,6.464993
"545124723","renault","captur","1.5 DCI 90 ENERGY S&S ZEN ECO2",2014,10,18790,"NA","professionnel",16000,43.128777,6.017199
"717970096","renault","captur","1.2 TCE 120 ZEN EDC",2014,3497,19490,"NA","professionnel",16000,43.663739,7.14882
"697136088","renault","captur","1.2 TCE 120 ZEN EDC",2013,29361,16490,"NA","professionnel",16000,43.5603151,7.0337141
"717405508","renault","captur","1.5 DCI 90 ENERGY S&S BUSINESS ECO2",2014,20598,17490,"NA","professionnel",16100,43.5388336,5.4044268
"716579672","renault","captur","1.5 DCI 90 ENERGY S&S ZEN ECO2",2014,18566,17890,"NA","professionnel",16000,43.5388336,5.4044268
"695861110","renault","captur","0.9 TCE 90 ENERGY S&S ZEN ECO2",2013,3333,15150,"NA","professionnel",14200,43.5388336,5.4044268
"679608546","renault","captur","1.2 TCE 120 ZEN EDC",2014,10,19790,"NA","professionnel",16000,43.5388336,5.4044268
"621255143","renault","captur","1.5 DCI 90 ZEN EDC",2013,10,20200,"NA","professionnel",16200,43.5388336,5.4044268
"716776463","renault","captur","1.2 TCE 120 ZEN EDC",2014,8900,17990,"NA","professionnel",16000,43.94700419999999,4.8209596
"716425894","renault","captur","1.5 DCI 90 ENERGY S&S ZEN ECO2",2014,13306,17990,"NA","professionnel",16000,44.1380989,4.807511
"695825786","renault","captur","1.5 DCI 90 ENERGY S&S BUSINESS ECO2",2013,25746,16990,"NA","professionnel",16100,43.40655,6.061186999999999
"715991220","renault","captur","1.5 DCI 90 ENERGY S&S ZEN ECO2",2014,5,19900,"NA","professionnel",16000,43.102976,5.878219
"659444708","NA","NA","1.2 TCE 120 ZEN EDC",2014,10,16900,"NA","professionnel",16000,43.8366045,5.0407814
"715905424","renault","captur","1.5 DCI 90 ENERGY S&S ZEN ECO2",2013,23143,16490,"NA","professionnel",16000,43.835744,5.790916
"715906053","renault","captur","1.2 TCE 120 ZEN EDC",2013,19612,16900,"NA","professionnel",16000,43.5603151,7.0337141
"715416398","renault","captur","1.2 TCE 120 ZEN EDC",2014,20394,16900,"NA","professionnel",16000,43.640199,5.097022
"710013025","renault","captur","1.5 DCI 90 ZEN EDC",2014,2000,8500,"NA","professionnel",16200,43.835465,4.944566
"713855212","renault","captur","1.5 DCI 90 ENERGY S&S ZEN ECO2",2014,12758,17490,"NA","professionnel",16000,43.40655,6.061186999999999
"713518906","renault","captur","0.9 TCE 90 ENERGY S&S INTENS ECO2",2013,7846,16000,"NA","professionnel",15500,43.128777,6.017199
"713756529","renault","captur","1.2 TCE 120 ZEN EDC",2014,22786,16990,"NA","professionnel",16000,43.663739,7.14882
"707600052","renault","captur","1.2 TCE 120 INTENS EDC",2014,10,22490,"NA","professionnel",17800,43.5603151,7.0337141
"713206372","renault","captur","1.5 DCI 90 ZEN EDC",2014,7455,19790,"NA","professionnel",16200,43.4212739,5.218332
"711133619","renault","captur","1.5 DCI 90 ENERGY S&S ZEN ECO2",2014,5,19900,"NA","professionnel",16000,43.102976,5.878219
"711045939","renault","captur","1.5 DCI 90 ZEN EDC",2013,39748,3900,"NA","professionnel",16200,43.487871,5.23463
"710360487","renault","captur","1.5 DCI 90 ENERGY S&S ZEN ECO2",2014,10,21500,"NA","professionnel",16000,43.8366045,5.0407814
"708919373","renault","captur","1.5 DCI 90 ZEN EDC",2014,8500,16990,"NA","professionnel",16200,43.39450900000001,6.313233899999999
"708533159","renault","captur","1.5 DCI 90 ENERGY S&S ZEN ECO2",2014,173,21500,"NA","professionnel",16000,43.9280929,4.886973999999999
"707081043","renault","captur","1.2 TCE 120 ZEN EDC",2014,10,16600,"NA","professionnel",16000,43.385168,5.706583999999999
"637019510","renault","captur","1.5 DCI 90 ENERGY S&S ZEN ECO2",2014,2,19680,"NA","professionnel",16000,43.6877482,7.2113605
"705665452","renault","captur","NA",2013,17700,15900,"NA","professionnel","NA",43.446909,5.684154899999999
"705176947","renault","captur","1.2 TCE 120 ZEN EDC",2013,20710,16800,"NA","professionnel",16000,43.2926781,5.5676425
"705119787","renault","captur","1.5 DCI 90 ENERGY S&S ZEN ECO2",2014,4500,18900,"NA","professionnel",16000,43.606476,5.756592899999999
"705176818","renault","captur","1.2 TCE 120 ZEN EDC",2013,27785,16200,"NA","professionnel",16000,43.2926781,5.5676425
"686771557","renault","captur","1.5 DCI 90 ZEN EDC",2014,8,18990,"NA","professionnel",16200,43.4745483,4.914323899999999
"704831212","renault","captur","1.5 DCI 90 ENERGY S&S ZEN ECO2",2013,17233,16900,"NA","professionnel",16000,43.13824,5.987584399999999
"703758625","renault","captur","1.5 DCI 90 ENERGY ARIZONA ECO2",2014,20401,16900,"NA","professionnel",17100,43.451152,5.413875
"702858051","renault","NA","1.2 TCE 120 INTENS EDC",2014,292,19125,"NA","professionnel",17800,43.206521,6.568810999999999
"702576096","renault","captur","1.2 TCE 120 ZEN EDC",2013,10171,16790,"NA","professionnel",16000,43.43315200000001,6.737034
"721367319","renault","captur","1.5 DCI 90 ENERGY S&S INTENS ECO2",2014,10000,18000,"NA","particulier",17700,43.43315200000001,6.737034
"727432384","renault","captur","0.9 TCE 90 ENERGY S&S INTENS ECO2",2013,13400,14990,"NA","particulier",15500,43.706449,7.2922646
"727298582","renault","captur","1.2 TCE 120 INTENS EDC",2013,15500,17100,"NA","particulier",17800,43.43315200000001,6.737034
"726742060","renault","captur","1.5 DCI 90 ENERGY S&S INTENS ECO2",2013,14600,16900,"NA","particulier",17700,43.102976,5.878219
"726637821","renault","captur","1.5 DCI 90 ENERGY S&S INTENS ECO2",2013,13500,16700,"NA","particulier",17700,43.45859799999999,5.249702999999999
"726296857","renault","captur","1.5 DCI 90 ZEN EDC",2013,23000,17000,"NA","particulier",16200,43.107465,6.131492799999999
"726207274","renault","captur","1.5 DCI 90 ENERGY S&S INTENS ECO2",2014,9950,19500,"NA","particulier",17700,43.1146883,5.9488975
"726185971","renault","captur","NA",2013,26000,15900,"NA","particulier","NA",43.221502,5.634811
"708351268","renault","captur","1.5 DCI 90 ZEN EDC",2013,22000,16100,"NA","particulier",16200,43.558086,5.251238
"726046020","renault","captur","1.5 DCI 90 ENERGY S&S INTENS ECO2",2013,23000,15900,"NA","particulier",17700,44.428499,5.714983999999999
"725492595","renault","captur","1.5 DCI 90 INTENS EDC",2013,28000,17990,"NA","particulier",17500,43.898503,4.803017
"719029675","renault","captur","1.5 DCI 90 ENERGY ARIZONA ECO2",2013,29000,14900,"NA","particulier",17100,43.452497,5.864004
"724082882","NA","NA","NA",2014,25000,15300,"NA","particulier","NA",43.3753856,5.305022999999999
"723482678","NA","NA","1.5 DCI 90 ZEN EDC",2013,9800,15500,"NA","particulier",16200,43.300771,5.3821768
"723356277","renault","captur","1.5 DCI 90 ENERGY S&S BUSINESS ECO2",2013,17913,16200,"NA","particulier",16100,43.17365299999999,5.605155
"722965746","renault","captur","1.5 DCI 90 INTENS EDC",2014,4500,19200,"NA","particulier",17500,43.429668,5.434832999999999
"721628626","renault","captur","1.5 DCI 90 ENERGY S&S INTENS ECO2",2013,28000,14500,"NA","particulier",17700,43.624076,6.694103000000001
"721555314","renault","captur","1.5 DCI 90 ZEN EDC",2013,10000,17000,"NA","particulier",16200,43.5388336,5.4044268
"721475702","renault","captur","1.2 TCE 120 INTENS EDC",2013,28000,17500,"NA","particulier",17800,43.550669,5.034508
"721139562","renault","captur","1.5 DCI 90 ENERGY S&S INTENS ECO2",2013,30000,16900,"NA","particulier",17700,43.329229,6.045799
"720464516","renault","captur","1.2 TCE 120 INTENS EDC",2013,16000,17000,"NA","particulier",17800,43.310184,6.640482
"720370473","NA","NA","1.5 DCI 90 ZEN EDC",2013,9600,17500,"NA","particulier",16200,43.300771,5.3821768
"695036733","renault","captur","0.9 TCE 90 ENERGY S&S INTENS ECO2",2013,40000,16000,"NA","particulier",15500,43.746982,5.313600999999999
"718751133","NA","NA","NA",2013,24500,14800,"NA","particulier","NA",43.2731832,5.4306141
"718536312","NA","NA","NA",2013,8500,17900,"NA","particulier","NA",44.0555639,5.048722
"717502716","renault","captur","1.2 TCE 120 ZEN EDC",2013,20400,17800,"NA","particulier",16000,43.66283,5.435206
"706800112","renault","captur","1.5 DCI 90 ENERGY S&S ZEN ECO2",2013,17300,17300,"NA","particulier",16000,43.4745483,4.914323899999999
"711622884","renault","captur","1.5 DCI 90 INTENS EDC",2013,32000,16900,"NA","particulier",17500,43.5377269,6.464993
"714169385","renault","captur","1.5 DCI 90 ZEN EDC",2014,6500,19500,"NA","particulier",16200,43.3628362,5.3677844
"713751912","NA","NA","1.5 DCI 90 ENERGY S&S BUSINESS ECO2",2013,27000,15500,"NA","particulier",16100,43.3753856,5.305022999999999
"712956509","renault","captur","NA",2014,1500,19950,"NA","particulier","NA",43.80604400000001,4.65752
"712355016","renault","captur","1.5 DCI 90 ZEN EDC",2014,6000,18700,"NA","particulier",16200,43.429668,5.434832999999999
"711837979","renault","captur","1.2 TCE 120 ZEN EDC",2014,2500,19200,"NA","particulier",16000,43.138042,6.368436
"711048820","renault","captur","1.2 TCE 120 ZEN EDC",2013,5200,18500,"NA","particulier",16000,43.5377269,6.464993
"710400521","renault","captur","1.5 DCI 90 ZEN EDC",2014,8000,17500,"NA","particulier",16200,43.57655099999999,7.019019999999999
"665316428","NA","NA","1.5 DCI 90 ZEN EDC",2014,9000,18000,"NA","particulier",16200,43.28489159999999,5.488267899999999
"709180576","renault","captur","1.5 DCI 90 ZEN EDC",2013,25000,14600,"NA","particulier",16200,43.690787,5.908373999999999
"709003465","renault","captur","1.5 DCI 90 ENERGY S&S ZEN ECO2",2013,10100,19900,"NA","particulier",16000,43.3649321,5.4253757
"708334068","renault","captur","1.2 TCE 120 ZEN EDC",2013,8000,16500,"NA","particulier",16000,43.2926781,5.5676425
"708153687","renault","captur","1.2 TCE 120 INTENS EDC",2014,208,20500,"NA","particulier",17800,43.6960355,7.265589599999998
"707803409","renault","captur","1.5 DCI 90 INTENS EDC",2013,4171,19729,"NA","particulier",17500,43.5686589,5.354234
"703225399","renault","captur","1.5 DCI 90 ZEN EDC",2013,27500,17450,"NA","particulier",16200,43.694275,5.501843
"661056816","NA","NA","1.2 TCE 120 ZEN EDC",2014,7000,18000,"NA","particulier",16000,43.13990099999999,5.847652
"705809978","NA","NA","1.2 TCE 120 ZEN EDC",2013,8000,17800,"NA","particulier",16000,43.2731832,5.4306141
"705661541","renault","captur","1.5 DCI 90 ENERGY S&S INTENS ECO2",2014,10100,18500,"NA","particulier",17700,43.206521,6.568810999999999
"703795786","renault","captur","1.5 DCI 90 ZEN EDC",2013,10700,19300,"NA","particulier",16200,44.559638,6.079758
"600730371","renault","captur","0.9 TCE 90 ENERGY S&S INTENS ECO2",2013,3200,18000,"NA","particulier",15500,43.43315200000001,6.737034
